First Name,Last Name,Course,Grade,Marks
Alice,Johnson,STAT300,F,50
James,Miller,PSYCH101,F,50
John,Smith,CS101,F,50
Olivia,Johnson,PSYCH101,F,50
Sophia,Williams,PHYS150,F,50
David,Garcia,MED101,F,50
Alice,Hernandez,LAW101,F,50
Michael,Johnson,MED101,F,50
Emma,Brown,PHIL100,F,50
Michael,Williams,BUS301,F,50
Robert,Martinez,BUS301,F,50
John,Miller,CS101,F,50
John,Johnson,MATH101,F,50
Michael,Miller,BUS301,F,50
Robert,Hernandez,PHYS150,F,50
Olivia,Hernandez,BIO101,F,50
Isabella,Williams,BIO101,F,50
Michael,Davis,MED101,F,51
Sophia,Miller,BIO101,F,51
Emma,Davis,MED101,F,51
Alice,Williams,PHYS150,F,51
Michael,Garcia,PHYS150,F,51
Olivia,Brown,ENG201,F,51
Sophia,Smith,DATA200,F,51
James,Martinez,PHIL100,F,51
Michael,Williams,BIO101,F,51
John,Martinez,CHEM101,F,51
David,Williams,MATH101,F,51
Robert,Brown,LAW101,F,51
Robert,Miller,STAT300,F,51
Michael,Williams,PSYCH101,F,51
David,Johnson,BIO101,F,51
Alice,Garcia,LAW101,F,51
John,Garcia,MATH101,F,51
Robert,Brown,ENG201,F,51
Olivia,Miller,LAW101,F,51
Olivia,Williams,ECON202,F,51
Olivia,Garcia,ECON202,F,51
Olivia,Davis,DATA200,F,51
Robert,Martinez,DATA200,F,52
Sophia,Davis,PSYCH101,F,52
Olivia,Davis,DATA200,F,52
Robert,Garcia,BUS301,F,52
Emma,Davis,CHEM101,F,52
John,Brown,DATA200,F,52
David,Garcia,BIO101,F,52
Emma,Davis,PHIL100,F,52
Robert,Johnson,ECON202,F,52
Olivia,Williams,LAW101,F,52
Emma,Smith,CHEM101,F,52
James,Johnson,PHIL100,F,52
Sophia,Miller,STAT300,F,52
David,Smith,HIST210,F,52
Olivia,Brown,LAW101,F,52
John,Jones,HIST210,F,52
Olivia,Martinez,HIST210,F,52
John,Garcia,BIO101,F,53
Emma,Williams,STAT300,F,53
David,Williams,BUS301,F,53
John,Miller,DATA200,F,53
James,Miller,ECON202,F,53
Isabella,Miller,ENG201,F,53
Alice,Hernandez,ECON202,F,53
David,Davis,CS101,F,53
Isabella,Miller,ENG201,F,53
Michael,Jones,PHIL100,F,53
Emma,Hernandez,ECON202,F,53
Sophia,Miller,BIO101,F,53
James,Garcia,BUS301,F,53
Sophia,Davis,BIO101,F,53
Robert,Williams,BUS301,F,53
Sophia,Davis,STAT300,F,53
James,Garcia,ECON202,F,53
David,Garcia,MED101,F,53
Alice,Smith,BIO101,F,53
John,Williams,CS101,F,53
Robert,Garcia,ENG201,F,54
Robert,Hernandez,ECON202,F,54
Isabella,Hernandez,MED101,F,54
Michael,Smith,PHYS150,F,54
David,Smith,MATH101,F,54
Olivia,Jones,ENG201,F,54
Isabella,Hernandez,CHEM101,F,54
Sophia,Garcia,MATH101,F,54
Olivia,Smith,ENG201,F,54
Emma,Jones,ECON202,F,54
James,Brown,PSYCH101,F,54
David,Williams,CHEM101,F,54
James,Jones,STAT300,F,54
James,Davis,STAT300,F,54
Sophia,Martinez,PHIL100,F,54
Robert,Garcia,ENG201,F,54
Robert,Johnson,BIO101,F,54
Isabella,Garcia,ENG201,F,54
Alice,Davis,CS101,F,54
Alice,Davis,CHEM101,F,54
Emma,Garcia,ENG201,F,54
Alice,Davis,PHIL100,F,54
Alice,Jones,LAW101,F,54
Alice,Davis,HIST210,F,54
Alice,Smith,CS101,F,54
Olivia,Garcia,PHIL100,F,54
James,Garcia,PHIL100,F,55
John,Smith,CS101,F,55
Alice,Miller,PSYCH101,F,55
Emma,Hernandez,LAW101,F,55
John,Jones,PSYCH101,F,55
Emma,Garcia,CHEM101,F,55
Isabella,Martinez,HIST210,F,55
Robert,Davis,BUS301,F,55
Isabella,Smith,PSYCH101,F,55
Alice,Smith,MATH101,F,55
Michael,Miller,MED101,F,55
Sophia,Brown,CS101,F,55
Robert,Martinez,STAT300,F,55
Alice,Hernandez,ENG201,F,55
Michael,Hernandez,DATA200,F,55
Sophia,Martinez,CHEM101,F,55
Isabella,Martinez,BUS301,F,55
James,Garcia,BUS301,F,55
James,Martinez,DATA200,F,55
Robert,Smith,PSYCH101,F,55
James,Hernandez,ENG201,F,55
Robert,Brown,LAW101,F,55
Robert,Garcia,DATA200,F,55
Alice,Garcia,PHIL100,F,55
Alice,Johnson,STAT300,F,56
Isabella,Martinez,MED101,F,56
David,Martinez,CHEM101,F,56
Michael,Hernandez,PHIL100,F,56
Isabella,Garcia,PSYCH101,F,56
Emma,Jones,MATH101,F,56
Emma,Davis,DATA200,F,56
Michael,Martinez,DATA200,F,56
Robert,Williams,HIST210,F,56
David,Martinez,CS101,F,56
Olivia,Brown,MED101,F,56
Emma,Martinez,LAW101,F,56
David,Johnson,MED101,F,56
Olivia,Brown,LAW101,F,56
Alice,Garcia,STAT300,F,56
David,Martinez,CHEM101,F,56
Robert,Davis,LAW101,F,56
Michael,Miller,PHYS150,F,56
John,Jones,BUS301,F,56
Sophia,Smith,PHIL100,F,56
Isabella,Jones,BUS301,F,56
David,Hernandez,PHYS150,F,56
Isabella,Miller,ENG201,F,56
Robert,Williams,PSYCH101,F,56
Olivia,Martinez,ENG201,F,56
Alice,Jones,HIST210,F,56
Michael,Garcia,BIO101,F,56
Sophia,Brown,ECON202,F,56
John,Smith,CHEM101,F,57
Olivia,Jones,LAW101,F,57
Michael,Johnson,CS101,F,57
Sophia,Garcia,BUS301,F,57
David,Brown,STAT300,F,57
David,Smith,BUS301,F,57
Olivia,Davis,STAT300,F,57
James,Johnson,ECON202,F,57
David,Garcia,HIST210,F,57
Robert,Jones,BIO101,F,57
James,Martinez,CS101,F,57
James,Johnson,DATA200,F,57
Sophia,Miller,CS101,F,57
David,Hernandez,PSYCH101,F,57
Robert,Smith,BUS301,F,57
Michael,Hernandez,BIO101,F,57
Isabella,Miller,ECON202,F,57
Michael,Jones,HIST210,F,57
Sophia,Davis,PSYCH101,F,57
James,Johnson,PSYCH101,F,57
James,Johnson,ENG201,F,57
Isabella,Martinez,LAW101,F,57
Olivia,Garcia,MATH101,F,57
Robert,Brown,PHIL100,F,57
Emma,Garcia,ECON202,F,57
James,Jones,HIST210,F,57
James,Brown,MED101,F,57
Emma,Miller,ENG201,F,57
Alice,Davis,BIO101,F,57
Robert,Williams,BIO101,F,58
John,Davis,CHEM101,F,58
Michael,Williams,PSYCH101,F,58
Michael,Johnson,MED101,F,58
Olivia,Johnson,PSYCH101,F,58
John,Williams,STAT300,F,58
Emma,Miller,CHEM101,F,58
David,Brown,CS101,F,58
Alice,Smith,DATA200,F,58
Alice,Jones,BIO101,F,58
Emma,Jones,PSYCH101,F,58
Isabella,Johnson,HIST210,F,58
Olivia,Jones,LAW101,F,59
John,Jones,MATH101,F,59
Sophia,Hernandez,PHIL100,F,59
Sophia,Davis,BUS301,F,59
Sophia,Williams,MED101,F,59
Isabella,Davis,PHIL100,F,59
Michael,Williams,BUS301,F,59
David,Williams,BIO101,F,59
Sophia,Garcia,PSYCH101,F,59
Robert,Brown,LAW101,F,59
Robert,Smith,PHYS150,F,59
Michael,Davis,HIST210,F,59
Robert,Jones,BIO101,D,60
Robert,Hernandez,ECON202,D,60
Emma,Johnson,HIST210,D,60
Emma,Jones,BIO101,D,60
James,Smith,PHYS150,D,60
James,Miller,BUS301,D,60
James,Miller,BUS301,D,60
Robert,Smith,PHIL100,D,60
Isabella,Jones,PSYCH101,D,60
Robert,Jones,LAW101,D,60
John,Garcia,CHEM101,D,60
Emma,Davis,BIO101,D,60
Olivia,Miller,MATH101,D,60
Emma,Williams,PHYS150,D,60
Sophia,Davis,BUS301,D,60
Robert,Martinez,ECON202,D,60
Michael,Garcia,MED101,D,60
Sophia,Martinez,BIO101,D,61
David,Jones,CHEM101,D,61
Isabella,Davis,DATA200,D,61
David,Johnson,PHYS150,D,61
Alice,Jones,ECON202,D,61
John,Martinez,DATA200,D,61
Olivia,Garcia,PSYCH101,D,61
Isabella,Smith,CHEM101,D,61
David,Brown,HIST210,D,61
David,Johnson,CHEM101,D,61
John,Garcia,BUS301,D,61
Michael,Jones,DATA200,D,61
David,Davis,CS101,D,61
Michael,Miller,PHIL100,D,61
David,Johnson,LAW101,D,61
Robert,Miller,ENG201,D,61
John,Hernandez,PHYS150,D,61
Sophia,Johnson,BIO101,D,61
Sophia,Hernandez,CHEM101,D,61
Emma,Williams,BIO101,D,61
Sophia,Miller,HIST210,D,61
Sophia,Davis,DATA200,D,61
Emma,Williams,ENG201,D,61
Michael,Johnson,STAT300,D,61
Sophia,Smith,LAW101,D,61
Isabella,Johnson,BIO101,D,61
Isabella,Davis,BIO101,D,61
Isabella,Garcia,PHIL100,D,62
Robert,Smith,MED101,D,62
Isabella,Williams,ENG201,D,62
James,Johnson,CS101,D,62
Alice,Brown,DATA200,D,62
Robert,Garcia,PSYCH101,D,62
Emma,Jones,CHEM101,D,62
Olivia,Garcia,PSYCH101,D,62
Olivia,Davis,HIST210,D,62
Robert,Williams,STAT300,D,62
Alice,Johnson,PHYS150,D,62
James,Davis,BIO101,D,62
Alice,Brown,HIST210,D,62
Michael,Brown,CHEM101,D,62
John,Smith,BIO101,D,62
Michael,Smith,ECON202,D,62
Isabella,Garcia,PHYS150,D,62
James,Davis,MATH101,D,62
Robert,Miller,CHEM101,D,62
Olivia,Hernandez,MATH101,D,62
James,Jones,BUS301,D,62
Michael,Brown,PHYS150,D,62
Michael,Martinez,DATA200,D,62
James,Williams,ECON202,D,62
Robert,Garcia,CS101,D,62
Michael,Smith,PSYCH101,D,63
Robert,Hernandez,CHEM101,D,63
Olivia,Martinez,MATH101,D,63
Robert,Johnson,PHYS150,D,63
Robert,Garcia,PSYCH101,D,63
David,Martinez,BIO101,D,63
Sophia,Davis,ENG201,D,63
Olivia,Jones,HIST210,D,63
Isabella,Brown,LAW101,D,63
James,Williams,LAW101,D,63
Michael,Hernandez,ENG201,D,63
Robert,Miller,BUS301,D,63
Alice,Davis,BIO101,D,63
Olivia,Brown,CS101,D,63
David,Hernandez,HIST210,D,63
James,Martinez,BUS301,D,63
Sophia,Martinez,PHYS150,D,63
David,Martinez,PSYCH101,D,63
Michael,Smith,ENG201,D,64
John,Brown,PHYS150,D,64
Emma,Jones,ECON202,D,64
James,Davis,ENG201,D,64
Robert,Hernandez,DATA200,D,64
Alice,Martinez,MATH101,D,64
John,Martinez,CS101,D,64
David,Johnson,LAW101,D,64
David,Smith,CS101,D,64
Robert,Hernandez,PSYCH101,D,64
David,Davis,ENG201,D,64
Michael,Hernandez,PHIL100,D,64
Olivia,Martinez,BIO101,D,64
Alice,Martinez,CS101,D,64
Sophia,Jones,LAW101,D,64
Olivia,Hernandez,ECON202,D,64
Olivia,Johnson,MED101,D,64
Robert,Garcia,LAW101,D,64
Robert,Williams,BUS301,D,64
Sophia,Garcia,ECON202,D,64
Emma,Garcia,BIO101,D,65
David,Brown,CHEM101,D,65
Isabella,Williams,ENG201,D,65
David,Smith,ECON202,D,65
Olivia,Garcia,PHIL100,D,65
Michael,Garcia,PHIL100,D,65
Isabella,Hernandez,PSYCH101,D,65
Sophia,Williams,ECON202,D,65
Emma,Jones,HIST210,D,65
Robert,Miller,PSYCH101,D,65
Isabella,Smith,ENG201,D,65
James,Williams,DATA200,D,65
David,Brown,MED101,D,65
Michael,Davis,BIO101,D,65
Emma,Martinez,BUS301,D,65
Isabella,Brown,STAT300,D,65
Emma,Martinez,STAT300,D,65
Olivia,Williams,CHEM101,D,65
Olivia,Jones,CHEM101,D,65
Emma,Martinez,CS101,D,65
John,Miller,CS101,D,65
Emma,Martinez,MED101,D,65
Olivia,Jones,LAW101,D,66
Isabella,Jones,ENG201,D,66
Sophia,Smith,ECON202,D,66
Sophia,Hernandez,PHIL100,D,66
Sophia,Garcia,CHEM101,D,66
James,Williams,LAW101,D,66
Emma,Davis,MATH101,D,66
Emma,Brown,PHYS150,D,66
Emma,Hernandez,PHYS150,D,66
James,Brown,PHIL100,D,66
David,Davis,ENG201,D,66
Alice,Garcia,ECON202,D,66
Sophia,Martinez,ECON202,D,66
Emma,Williams,CHEM101,D,66
Sophia,Garcia,ECON202,D,66
James,Martinez,MATH101,D,66
David,Miller,DATA200,D,66
Emma,Hernandez,MATH101,D,66
Michael,Jones,ECON202,D,66
James,Garcia,BIO101,D,66
Michael,Smith,HIST210,D,66
James,Davis,DATA200,D,66
James,Brown,LAW101,D,66
James,Davis,PSYCH101,D,66
Isabella,Johnson,BUS301,D,66
Robert,Jones,PHYS150,D,67
Robert,Hernandez,PHIL100,D,67
Alice,Jones,CS101,D,67
Sophia,Williams,PHYS150,D,67
David,Davis,PHYS150,D,67
Emma,Brown,MED101,D,67
Alice,Martinez,LAW101,D,67
Sophia,Johnson,PHYS150,D,67
Michael,Davis,LAW101,D,67
David,Smith,ENG201,D,67
Robert,Garcia,ECON202,D,67
David,Smith,STAT300,D,67
Olivia,Garcia,ENG201,D,67
Olivia,Hernandez,LAW101,D,67
Emma,Johnson,PSYCH101,D,67
Sophia,Davis,CS101,D,67
James,Jones,HIST210,D,67
Robert,Brown,CHEM101,D,67
James,Brown,HIST210,D,67
Alice,Garcia,ECON202,D,67
Isabella,Williams,PHIL100,D,67
Alice,Johnson,CS101,D,67
Alice,Garcia,PHYS150,D,67
David,Garcia,PSYCH101,D,68
Sophia,Brown,PHYS150,D,68
David,Jones,ECON202,D,68
Sophia,Smith,MED101,D,68
Robert,Smith,BUS301,D,68
James,Brown,MATH101,D,68
Alice,Garcia,ENG201,D,68
Alice,Martinez,ECON202,D,68
Isabella,Smith,ENG201,D,68
Sophia,Williams,CS101,D,68
David,Williams,BIO101,D,68
James,Garcia,CHEM101,D,68
Robert,Garcia,HIST210,D,68
Emma,Miller,CHEM101,D,68
David,Martinez,LAW101,D,68
Emma,Williams,HIST210,D,68
Sophia,Hernandez,DATA200,D,68
David,Miller,MED101,D,68
Robert,Garcia,STAT300,D,68
Michael,Miller,LAW101,D,68
Alice,Martinez,STAT300,D,68
Alice,Garcia,MED101,D,68
Robert,Johnson,ECON202,D,69
Michael,Smith,STAT300,D,69
Alice,Martinez,CS101,D,69
Michael,Johnson,LAW101,D,69
Olivia,Garcia,MED101,D,69
Sophia,Brown,STAT300,D,69
Sophia,Davis,MATH101,D,69
Olivia,Jones,PHYS150,D,69
John,Miller,STAT300,D,69
Robert,Garcia,PHYS150,D,69
Olivia,Miller,BUS301,D,69
Sophia,Brown,CHEM101,D,69
Michael,Miller,MATH101,D,69
Robert,Brown,DATA200,D,69
James,Martinez,PHIL100,D,69
Michael,Brown,HIST210,D,69
Michael,Jones,CS101,D,69
Isabella,Hernandez,ECON202,D,69
David,Hernandez,ENG201,D,69
Isabella,Martinez,ECON202,D,69
Olivia,Johnson,STAT300,D,69
Robert,Martinez,PHIL100,D,69
David,Johnson,MED101,D,69
Sophia,Davis,BUS301,D,69
Michael,Smith,LAW101,D,69
Isabella,Davis,MED101,C,70
Alice,Brown,BIO101,C,70
Olivia,Davis,BIO101,C,70
Robert,Smith,DATA200,C,70
Olivia,Jones,HIST210,C,70
Olivia,Davis,DATA200,C,70
David,Jones,PSYCH101,C,70
Emma,Hernandez,CS101,C,70
Alice,Williams,ECON202,C,70
John,Hernandez,LAW101,C,70
Olivia,Johnson,CHEM101,C,70
John,Hernandez,ECON202,C,70
Sophia,Garcia,PHIL100,C,70
David,Miller,MED101,C,70
Emma,Johnson,PHYS150,C,70
Michael,Williams,PSYCH101,C,71
Michael,Hernandez,BIO101,C,71
Alice,Garcia,STAT300,C,71
Isabella,Johnson,PSYCH101,C,71
Sophia,Williams,LAW101,C,71
Michael,Miller,CS101,C,71
John,Garcia,BUS301,C,71
Michael,Brown,ECON202,C,71
Robert,Jones,MATH101,C,71
Olivia,Jones,PHIL100,C,71
Sophia,Williams,MED101,C,71
Robert,Williams,PSYCH101,C,71
Isabella,Garcia,ENG201,C,71
John,Garcia,CS101,C,71
Emma,Jones,MED101,C,71
David,Jones,STAT300,C,71
Isabella,Miller,LAW101,C,71
James,Jones,CHEM101,C,72
Michael,Williams,PHYS150,C,72
John,Miller,CS101,C,72
Alice,Miller,BUS301,C,72
David,Martinez,PHYS150,C,72
Michael,Garcia,PHIL100,C,72
John,Garcia,BUS301,C,72
James,Smith,BIO101,C,72
Isabella,Garcia,CS101,C,72
Alice,Garcia,MED101,C,72
Michael,Martinez,PSYCH101,C,72
Michael,Martinez,DATA200,C,72
Emma,Garcia,LAW101,C,72
Michael,Martinez,HIST210,C,72
David,Jones,PSYCH101,C,72
Sophia,Hernandez,CS101,C,72
James,Garcia,BIO101,C,72
Olivia,Martinez,PHIL100,C,72
Michael,Hernandez,BUS301,C,72
Michael,Williams,MATH101,C,72
James,Davis,BUS301,C,72
Olivia,Martinez,CS101,C,72
John,Smith,CHEM101,C,73
Michael,Jones,CHEM101,C,73
Michael,Smith,MED101,C,73
Emma,Hernandez,PHIL100,C,73
James,Jones,HIST210,C,73
Sophia,Garcia,DATA200,C,73
Robert,Smith,CS101,C,73
Robert,Smith,DATA200,C,73
Sophia,Davis,MED101,C,73
John,Garcia,HIST210,C,73
Alice,Smith,ECON202,C,73
Sophia,Davis,HIST210,C,73
Isabella,Hernandez,STAT300,C,73
Robert,Williams,ENG201,C,73
Michael,Miller,CS101,C,74
Alice,Miller,DATA200,C,74
Alice,Garcia,ECON202,C,74
Olivia,Garcia,LAW101,C,74
Robert,Miller,MED101,C,74
David,Davis,ECON202,C,74
David,Hernandez,LAW101,C,74
James,Brown,CS101,C,74
Emma,Williams,CS101,C,74
Michael,Hernandez,HIST210,C,74
John,Davis,PHIL100,C,74
Emma,Martinez,LAW101,C,74
James,Jones,PHIL100,C,74
Emma,Smith,PSYCH101,C,74
Olivia,Johnson,ECON202,C,74
James,Hernandez,BUS301,C,74
David,Brown,LAW101,C,75
Isabella,Davis,DATA200,C,75
Sophia,Brown,ECON202,C,75
Michael,Garcia,DATA200,C,75
Michael,Garcia,MATH101,C,75
Michael,Williams,PSYCH101,C,75
James,Hernandez,PHIL100,C,75
James,Williams,CS101,C,75
Sophia,Johnson,MATH101,C,75
Alice,Hernandez,BIO101,C,75
Robert,Williams,STAT300,C,75
John,Jones,DATA200,C,75
David,Johnson,MATH101,C,75
Alice,Hernandez,PSYCH101,C,75
Olivia,Garcia,MATH101,C,75
Sophia,Brown,PHIL100,C,75
David,Davis,BIO101,C,75
Sophia,Williams,DATA200,C,75
John,Davis,LAW101,C,75
Robert,Hernandez,PSYCH101,C,75
Michael,Williams,PHYS150,C,75
Michael,Williams,ENG201,C,75
David,Martinez,MED101,C,75
James,Brown,MED101,C,75
Alice,Smith,MATH101,C,75
Olivia,Davis,LAW101,C,75
Olivia,Davis,CS101,C,75
Emma,Smith,CS101,C,76
Isabella,Smith,CHEM101,C,76
John,Johnson,PSYCH101,C,76
Alice,Davis,ECON202,C,76
John,Johnson,STAT300,C,76
Michael,Johnson,CHEM101,C,76
Emma,Williams,DATA200,C,76
John,Miller,HIST210,C,76
James,Jones,DATA200,C,76
James,Garcia,BIO101,C,76
Alice,Smith,ECON202,C,76
Alice,Jones,PHYS150,C,76
Isabella,Johnson,ENG201,C,76
Emma,Davis,BUS301,C,76
Sophia,Miller,CS101,C,76
Robert,Williams,PSYCH101,C,76
Sophia,Martinez,DATA200,C,76
Alice,Brown,PHYS150,C,76
Sophia,Garcia,ECON202,C,76
David,Jones,MED101,C,76
Robert,Miller,ECON202,C,76
Alice,Johnson,BIO101,C,76
John,Brown,DATA200,C,77
John,Martinez,ECON202,C,77
Isabella,Hernandez,LAW101,C,77
Sophia,Miller,ENG201,C,77
James,Miller,PHYS150,C,77
Sophia,Smith,PHIL100,C,77
Robert,Brown,BUS301,C,77
Robert,Johnson,DATA200,C,77
Isabella,Hernandez,LAW101,C,77
Michael,Smith,HIST210,C,77
Robert,Johnson,MED101,C,77
David,Smith,MED101,C,77
Olivia,Jones,CS101,C,77
Robert,Smith,HIST210,C,77
Emma,Smith,CS101,C,77
Michael,Miller,CHEM101,C,77
Isabella,Johnson,LAW101,C,77
James,Garcia,HIST210,C,77
James,Jones,LAW101,C,78
Robert,Brown,BUS301,C,78
Alice,Jones,PHIL100,C,78
Sophia,Garcia,LAW101,C,78
Isabella,Brown,ECON202,C,78
Robert,Smith,BIO101,C,78
Sophia,Brown,STAT300,C,78
Olivia,Brown,BIO101,C,78
Sophia,Brown,CHEM101,C,78
John,Garcia,PHIL100,C,78
Emma,Brown,PHYS150,C,78
John,Martinez,ENG201,C,78
Robert,Williams,PSYCH101,C,78
Michael,Davis,DATA200,C,78
James,Miller,ENG201,C,78
Robert,Brown,PSYCH101,C,78
Isabella,Miller,CS101,C,79
Emma,Smith,HIST210,C,79
Isabella,Williams,BUS301,C,79
Olivia,Johnson,MATH101,C,79
Emma,Jones,BUS301,C,79
Emma,Davis,ENG201,C,79
David,Smith,MATH101,C,79
James,Davis,BUS301,C,79
Robert,Garcia,BUS301,C,79
Alice,Johnson,PHYS150,C,79
Robert,Hernandez,HIST210,C,79
Isabella,Hernandez,CHEM101,C,79
Isabella,Martinez,PHYS150,C,79
Olivia,Davis,ECON202,C,79
Emma,Garcia,HIST210,C,79
Isabella,Jones,ENG201,B,80
Olivia,Smith,DATA200,B,80
Emma,Davis,ENG201,B,80
Alice,Brown,STAT300,B,80
Sophia,Davis,ECON202,B,80
John,Brown,LAW101,B,80
Olivia,Johnson,ENG201,B,80
Olivia,Hernandez,CHEM101,B,80
Isabella,Martinez,PSYCH101,B,80
Alice,Davis,BUS301,B,80
John,Miller,BIO101,B,80
James,Johnson,HIST210,B,80
David,Johnson,PHIL100,B,80
Alice,Brown,ECON202,B,80
Isabella,Garcia,MATH101,B,80
David,Johnson,MATH101,B,80
John,Brown,STAT300,B,80
Michael,Miller,PHIL100,B,81
Alice,Garcia,PHYS150,B,81
Michael,Johnson,PHIL100,B,81
Isabella,Garcia,PHYS150,B,81
James,Hernandez,ECON202,B,81
Emma,Smith,PSYCH101,B,81
Emma,Miller,BIO101,B,81
David,Brown,CHEM101,B,81
John,Williams,ECON202,B,81
James,Williams,HIST210,B,81
Robert,Garcia,CS101,B,81
Isabella,Smith,STAT300,B,81
James,Jones,ECON202,B,81
Alice,Garcia,BIO101,B,81
Sophia,Garcia,CHEM101,B,82
Alice,Williams,DATA200,B,82
Sophia,Hernandez,DATA200,B,82
Olivia,Jones,MED101,B,82
David,Brown,PSYCH101,B,82
Emma,Jones,HIST210,B,82
David,Smith,BUS301,B,82
John,Jones,ECON202,B,82
John,Hernandez,BIO101,B,82
Alice,Williams,DATA200,B,82
James,Smith,ECON202,B,82
Sophia,Hernandez,BUS301,B,82
David,Brown,BIO101,B,82
Michael,Davis,CHEM101,B,82
Olivia,Garcia,PSYCH101,B,82
James,Hernandez,BUS301,B,82
Sophia,Johnson,BUS301,B,82
John,Jones,PSYCH101,B,82
David,Johnson,MED101,B,82
Robert,Garcia,PSYCH101,B,82
Sophia,Smith,PSYCH101,B,82
Isabella,Martinez,MED101,B,82
Robert,Miller,BIO101,B,82
Emma,Garcia,ENG201,B,82
Sophia,Williams,BIO101,B,82
James,Garcia,STAT300,B,83
Emma,Jones,BIO101,B,83
Olivia,Garcia,ECON202,B,83
John,Brown,PSYCH101,B,83
Isabella,Garcia,MATH101,B,83
Robert,Jones,ECON202,B,83
Olivia,Brown,PSYCH101,B,83
John,Smith,MATH101,B,83
David,Hernandez,ECON202,B,83
David,Garcia,DATA200,B,83
Sophia,Martinez,CS101,B,83
James,Hernandez,CHEM101,B,83
Michael,Davis,PHIL100,B,83
Sophia,Garcia,PSYCH101,B,83
John,Miller,MED101,B,83
Sophia,Williams,ENG201,B,83
Robert,Brown,STAT300,B,83
David,Jones,HIST210,B,83
Sophia,Brown,DATA200,B,83
Emma,Smith,PSYCH101,B,83
Alice,Hernandez,BIO101,B,83
Robert,Williams,PHYS150,B,84
Robert,Smith,ECON202,B,84
Emma,Martinez,MATH101,B,84
Robert,Garcia,PSYCH101,B,84
David,Martinez,ECON202,B,84
Michael,Martinez,PHIL100,B,84
Emma,Garcia,LAW101,B,84
Alice,Williams,BIO101,B,84
James,Martinez,BUS301,B,84
John,Davis,PSYCH101,B,84
Isabella,Garcia,STAT300,B,84
Sophia,Williams,ECON202,B,84
Robert,Miller,MED101,B,84
Isabella,Johnson,CS101,B,84
Sophia,Brown,HIST210,B,84
Emma,Hernandez,LAW101,B,84
Alice,Miller,BIO101,B,84
Emma,Brown,BUS301,B,84
David,Garcia,PHIL100,B,84
Robert,Martinez,PSYCH101,B,84
Isabella,Davis,HIST210,B,85
Robert,Jones,PHIL100,B,85
Robert,Davis,ENG201,B,85
Robert,Johnson,ENG201,B,85
James,Johnson,PHYS150,B,85
Michael,Martinez,PHIL100,B,85
David,Martinez,PSYCH101,B,85
James,Johnson,HIST210,B,85
Emma,Davis,STAT300,B,85
Isabella,Hernandez,BIO101,B,85
James,Davis,PHIL100,B,85
Michael,Jones,PHIL100,B,85
John,Martinez,PHIL100,B,85
Robert,Brown,PSYCH101,B,85
Olivia,Davis,STAT300,B,85
Alice,Martinez,HIST210,B,86
James,Johnson,ENG201,B,86
Olivia,Williams,PSYCH101,B,86
John,Hernandez,ENG201,B,86
Sophia,Davis,BUS301,B,86
David,Davis,BUS301,B,86
James,Jones,PSYCH101,B,86
Sophia,Miller,BIO101,B,86
Sophia,Miller,BIO101,B,86
John,Miller,DATA200,B,86
Michael,Jones,MATH101,B,86
Olivia,Martinez,MED101,B,86
James,Miller,PHIL100,B,87
Olivia,Brown,BUS301,B,87
Sophia,Jones,ECON202,B,87
Sophia,Miller,CS101,B,87
John,Davis,STAT300,B,87
Isabella,Johnson,ENG201,B,87
David,Brown,PSYCH101,B,87
John,Martinez,MATH101,B,87
Isabella,Hernandez,MED101,B,87
Sophia,Davis,ENG201,B,87
Isabella,Brown,PSYCH101,B,87
James,Johnson,CHEM101,B,87
Michael,Miller,CS101,B,87
Olivia,Hernandez,CS101,B,87
John,Davis,STAT300,B,87
Sophia,Hernandez,CS101,B,87
James,Brown,MATH101,B,87
Emma,Garcia,STAT300,B,87
David,Garcia,BIO101,B,87
Sophia,Brown,HIST210,B,87
Robert,Davis,DATA200,B,87
Alice,Miller,ECON202,B,87
John,Miller,CHEM101,B,87
James,Martinez,MED101,B,87
Emma,Hernandez,PSYCH101,B,88
Emma,Miller,PSYCH101,B,88
John,Martinez,MATH101,B,88
Robert,Brown,MATH101,B,88
Robert,Davis,STAT300,B,88
Sophia,Garcia,PHIL100,B,88
John,Miller,BIO101,B,88
Michael,Miller,MED101,B,88
Isabella,Martinez,BIO101,B,88
Isabella,Jones,DATA200,B,88
John,Miller,PSYCH101,B,89
Robert,Miller,BIO101,B,89
Isabella,Hernandez,MATH101,B,89
Michael,Hernandez,MED101,B,89
David,Smith,PHYS150,B,89
Olivia,Martinez,STAT300,B,89
Alice,Brown,ENG201,B,89
James,Martinez,BUS301,B,89
Alice,Martinez,PSYCH101,B,89
Michael,Smith,MED101,B,89
James,Smith,MATH101,B,89
Alice,Smith,PHYS150,B,89
Robert,Jones,ECON202,B,89
Emma,Garcia,ENG201,B,89
Sophia,Martinez,ECON202,B,89
David,Martinez,CS101,A,90
John,Johnson,ENG201,A,90
Olivia,Davis,CS101,A,90
Olivia,Brown,BIO101,A,90
James,Williams,PHYS150,A,90
Isabella,Smith,DATA200,A,90
Isabella,Miller,CS101,A,90
David,Martinez,MED101,A,90
Sophia,Davis,PHYS150,A,90
Michael,Miller,MATH101,A,90
Isabella,Hernandez,PHIL100,A,90
Isabella,Smith,LAW101,A,90
Alice,Garcia,PHYS150,A,90
Robert,Smith,STAT300,A,90
Emma,Jones,LAW101,A,90
John,Jones,ENG201,A,90
Emma,Martinez,LAW101,A,90
Sophia,Smith,PSYCH101,A,91
Robert,Davis,PHYS150,A,91
Michael,Hernandez,BUS301,A,91
Sophia,Jones,PHIL100,A,91
Michael,Miller,BIO101,A,91
John,Garcia,CS101,A,91
David,Brown,CS101,A,91
Robert,Garcia,ECON202,A,91
John,Garcia,MATH101,A,91
Alice,Jones,LAW101,A,91
Michael,Miller,CS101,A,91
Michael,Jones,MATH101,A,91
Emma,Hernandez,MED101,A,91
Olivia,Smith,PHIL100,A,91
Robert,Martinez,CHEM101,A,91
John,Davis,PHIL100,A,91
Olivia,Martinez,PSYCH101,A,91
James,Martinez,PHYS150,A,91
James,Williams,CHEM101,A,91
Robert,Brown,MATH101,A,91
Olivia,Martinez,ENG201,A,91
John,Garcia,STAT300,A,92
Sophia,Williams,HIST210,A,92
Robert,Johnson,LAW101,A,92
Isabella,Martinez,BUS301,A,92
John,Martinez,ECON202,A,92
James,Davis,BUS301,A,92
James,Hernandez,HIST210,A,92
Sophia,Smith,BUS301,A,92
Emma,Hernandez,ENG201,A,92
Emma,Martinez,HIST210,A,92
David,Johnson,STAT300,A,92
Emma,Smith,BIO101,A,92
John,Johnson,ECON202,A,92
David,Jones,STAT300,A,92
John,Martinez,LAW101,A,92
James,Martinez,PSYCH101,A,92
David,Hernandez,DATA200,A,92
Isabella,Miller,ENG201,A,92
David,Hernandez,MATH101,A,92
Robert,Garcia,BUS301,A,92
Robert,Garcia,CHEM101,A,92
Robert,Garcia,BIO101,A,92
Isabella,Martinez,STAT300,A,92
Alice,Davis,MATH101,A,92
David,Johnson,DATA200,A,92
David,Hernandez,MATH101,A,92
John,Davis,ECON202,A,92
Robert,Davis,LAW101,A,92
Robert,Hernandez,CS101,A,92
James,Davis,CHEM101,A,92
Michael,Davis,CHEM101,A,92
Emma,Brown,ECON202,A,92
Isabella,Williams,MATH101,A,92
Alice,Williams,MATH101,A,93
Michael,Johnson,BIO101,A,93
James,Williams,BIO101,A,93
Isabella,Jones,ECON202,A,93
Isabella,Jones,MATH101,A,93
Sophia,Miller,ECON202,A,93
Michael,Brown,ECON202,A,93
Robert,Martinez,BUS301,A,93
Alice,Garcia,PHYS150,A,93
Michael,Smith,HIST210,A,93
Michael,Hernandez,HIST210,A,93
David,Davis,BUS301,A,93
Emma,Jones,BUS301,A,93
James,Johnson,STAT300,A,93
Michael,Garcia,PHYS150,A,93
James,Garcia,LAW101,A,93
Isabella,Miller,STAT300,A,93
Sophia,Jones,ENG201,A,93
Emma,Brown,STAT300,A,94
James,Hernandez,PHYS150,A,94
Michael,Martinez,BUS301,A,94
John,Johnson,CS101,A,94
Olivia,Davis,DATA200,A,94
John,Davis,PHYS150,A,94
David,Garcia,MED101,A,94
Robert,Johnson,MATH101,A,94
Isabella,Johnson,BUS301,A,94
John,Hernandez,ENG201,A,94
Emma,Brown,PHIL100,A,94
Isabella,Williams,ENG201,A,94
Robert,Johnson,LAW101,A,94
James,Davis,PHYS150,A,94
Robert,Garcia,LAW101,A,94
Alice,Williams,PSYCH101,A,94
Michael,Brown,STAT300,A,94
Isabella,Martinez,STAT300,A,94
Olivia,Williams,MATH101,A,94
Olivia,Martinez,HIST210,A,94
Isabella,Hernandez,ENG201,A,95
Emma,Jones,CHEM101,A,95
John,Jones,PHYS150,A,95
Alice,Davis,MATH101,A,95
Sophia,Garcia,ECON202,A,95
Isabella,Brown,BUS301,A,95
Alice,Smith,ENG201,A,95
James,Williams,STAT300,A,95
Isabella,Garcia,DATA200,A,95
Emma,Miller,PSYCH101,A,95
Sophia,Smith,PHYS150,A,95
Robert,Williams,LAW101,A,95
Sophia,Miller,PHYS150,A,95
David,Hernandez,MED101,A,95
Robert,Johnson,PSYCH101,A,95
Sophia,Smith,DATA200,A,95
Sophia,Jones,STAT300,A,95
Michael,Miller,PHIL100,A,96
James,Davis,CS101,A,96
Michael,Garcia,CHEM101,A,96
Robert,Williams,MATH101,A,96
Robert,Davis,BIO101,A,96
James,Jones,LAW101,A,96
Isabella,Johnson,PSYCH101,A,96
Olivia,Davis,STAT300,A,96
David,Garcia,STAT300,A,96
Alice,Garcia,MED101,A,96
Sophia,Brown,BIO101,A,96
Michael,Brown,CS101,A,96
Olivia,Martinez,STAT300,A,96
Michael,Johnson,DATA200,A,96
David,Hernandez,PSYCH101,A,96
Alice,Jones,LAW101,A,96
Alice,Jones,BUS301,A,96
Emma,Jones,PSYCH101,A,96
John,Martinez,PSYCH101,A,96
Emma,Jones,LAW101,A,97
Sophia,Jones,PHYS150,A,97
Michael,Jones,BUS301,A,97
Olivia,Hernandez,STAT300,A,97
Robert,Miller,LAW101,A,97
James,Williams,PHIL100,A,97
James,Jones,BUS301,A,97
Sophia,Jones,BUS301,A,97
Robert,Brown,MATH101,A,97
John,Miller,CHEM101,A,97
Alice,Williams,BIO101,A,97
Emma,Jones,ENG201,A,97
Alice,Brown,BUS301,A,97
James,Davis,ECON202,A,97
Michael,Williams,PHYS150,A,97
Michael,Miller,CS101,A,97
Sophia,Smith,BUS301,A,97
Michael,Williams,PHYS150,A,97
Sophia,Williams,LAW101,A,97
Sophia,Garcia,CHEM101,A,97
Robert,Williams,CS101,A,98
James,Miller,ECON202,A,98
Isabella,Williams,DATA200,A,98
John,Smith,ENG201,A,98
Sophia,Garcia,PHIL100,A,98
John,Hernandez,PHYS150,A,98
Robert,Miller,ENG201,A,98
David,Miller,PHYS150,A,98
Isabella,Smith,BIO101,A,98
Isabella,Williams,MED101,A,98
Michael,Miller,PHIL100,A,98
Sophia,Williams,PSYCH101,A,99
Emma,Brown,CS101,A,99
Alice,Davis,CHEM101,A,99
Alice,Williams,PHIL100,A,99
Sophia,Miller,STAT300,A,99
Alice,Brown,LAW101,A,99
Robert,Miller,CHEM101,A,99
Isabella,Brown,ENG201,A,99
Emma,Hernandez,MATH101,A,99
Robert,Davis,CHEM101,A,99
Sophia,Jones,CS101,A,99
Olivia,Brown,MATH101,A,99
Robert,Davis,BUS301,A,99
Robert,Miller,CS101,A,99
Alice,Martinez,PSYCH101,A,99
Alice,Garcia,CHEM101,A,99
Olivia,Miller,BUS301,A,99
Michael,Jones,STAT300,A,99
Alice,Martinez,HIST210,A,99
Olivia,Jones,PHYS150,A,99
Robert,Smith,STAT300,A,99
Isabella,Hernandez,MED101,A,99
David,Jones,DATA200,A,99
Emma,Brown,DATA200,A,99
James,Smith,PHYS150,A,99
Olivia,Miller,HIST210,A,99
Robert,Davis,STAT300,A,100
Michael,Davis,PSYCH101,A,100
Sophia,Garcia,PHIL100,A,100
Alice,Johnson,PSYCH101,A,100
Alice,Jones,ENG201,A,100
James,Martinez,STAT300,A,100
Olivia,Hernandez,HIST210,A,100
Isabella,Davis,ENG201,A,100
James,Hernandez,MED101,A,100
John,Brown,ECON202,A,100
James,Martinez,CHEM101,A,100
Robert,Williams,CS101,A,100
