email,first_name,last_name,course_id,professor_email,grade,marks
student121@university.edu,Robert,Miller,LAW101,professor13@university.edu,A,100
student125@university.edu,Isabella,Davis,CHEM101,professor7@university.edu,A,100
student196@university.edu,Isabella,Garcia,CS101,professor3@university.edu,A,100
student383@university.edu,David,Hernandez,ENG201,professor8@university.edu,A,100
student431@university.edu,Sophia,Johnson,PHIL100,professor12@university.edu,A,100
student460@university.edu,Olivia,Jones,DATA200,professor1@university.edu,A,100
student519@university.edu,Alice,Jones,PHIL100,professor12@university.edu,A,100
student545@university.edu,Isabella,Martinez,PSYCH101,professor10@university.edu,A,100
student580@university.edu,Sophia,Johnson,DATA200,professor1@university.edu,A,100
student645@university.edu,Isabella,Smith,LAW101,professor13@university.edu,A,100
student700@university.edu,James,Williams,STAT300,professor4@university.edu,A,100
student704@university.edu,James,Williams,PHYS150,professor5@university.edu,A,100
student706@university.edu,James,Miller,ECON202,professor11@university.edu,A,100
student844@university.edu,Sophia,Miller,DATA200,professor1@university.edu,A,100
student869@university.edu,Sophia,Hernandez,ECON202,professor11@university.edu,A,100
student879@university.edu,Olivia,Hernandez,BUS301,professor14@university.edu,A,100
student891@university.edu,Robert,Hernandez,MED101,professor15@university.edu,A,100
student912@university.edu,Alice,Johnson,PHIL100,professor12@university.edu,A,100
student20@university.edu,David,Miller,CHEM101,professor7@university.edu,A,99
student234@university.edu,Olivia,Johnson,BIO101,professor6@university.edu,A,99
student344@university.edu,John,Jones,HIST210,professor9@university.edu,A,99
student347@university.edu,James,Jones,BUS301,professor14@university.edu,A,99
student350@university.edu,Isabella,Brown,LAW101,professor13@university.edu,A,99
student391@university.edu,Isabella,Hernandez,MED101,professor15@university.edu,A,99
student462@university.edu,David,Martinez,BUS301,professor14@university.edu,A,99
student687@university.edu,Olivia,Brown,CHEM101,professor7@university.edu,A,99
student703@university.edu,David,Miller,LAW101,professor13@university.edu,A,99
student714@university.edu,Michael,Martinez,PHYS150,professor5@university.edu,A,99
student756@university.edu,James,Garcia,ENG201,professor8@university.edu,A,99
student765@university.edu,Sophia,Davis,BIO101,professor6@university.edu,A,99
student777@university.edu,Michael,Brown,CHEM101,professor7@university.edu,A,99
student816@university.edu,James,Brown,BIO101,professor6@university.edu,A,99
student826@university.edu,Alice,Brown,STAT300,professor4@university.edu,A,99
student895@university.edu,Alice,Smith,PSYCH101,professor10@university.edu,A,99
student7@university.edu,Sophia,Davis,STAT300,professor4@university.edu,A,98
student44@university.edu,Robert,Hernandez,CHEM101,professor7@university.edu,A,98
student329@university.edu,Olivia,Garcia,BIO101,professor6@university.edu,A,98
student369@university.edu,John,Miller,ENG201,professor8@university.edu,A,98
student388@university.edu,James,Johnson,PSYCH101,professor10@university.edu,A,98
student420@university.edu,Michael,Jones,CS101,professor3@university.edu,A,98
student424@university.edu,Isabella,Hernandez,PHIL100,professor12@university.edu,A,98
student486@university.edu,Sophia,Johnson,PHIL100,professor12@university.edu,A,98
student526@university.edu,Robert,Miller,DATA200,professor1@university.edu,A,98
student538@university.edu,David,Johnson,MATH101,professor2@university.edu,A,98
student561@university.edu,Robert,Davis,ECON202,professor11@university.edu,A,98
student625@university.edu,James,Miller,LAW101,professor13@university.edu,A,98
student717@university.edu,Michael,Garcia,STAT300,professor4@university.edu,A,98
student868@university.edu,David,Martinez,MATH101,professor2@university.edu,A,98
student919@university.edu,Emma,Jones,MED101,professor15@university.edu,A,98
student991@university.edu,Robert,Hernandez,HIST210,professor9@university.edu,A,98
student42@university.edu,Alice,Williams,LAW101,professor13@university.edu,A,97
student123@university.edu,Robert,Jones,PSYCH101,professor10@university.edu,A,97
student173@university.edu,Olivia,Miller,MATH101,professor2@university.edu,A,97
student180@university.edu,Michael,Davis,PHYS150,professor5@university.edu,A,97
student224@university.edu,Alice,Davis,BIO101,professor6@university.edu,A,97
student236@university.edu,Michael,Brown,CS101,professor3@university.edu,A,97
student464@university.edu,Isabella,Smith,BUS301,professor14@university.edu,A,97
student531@university.edu,John,Hernandez,BUS301,professor14@university.edu,A,97
student535@university.edu,Alice,Martinez,MATH101,professor2@university.edu,A,97
student575@university.edu,Alice,Smith,ENG201,professor8@university.edu,A,97
student660@university.edu,Emma,Miller,MATH101,professor2@university.edu,A,97
student677@university.edu,Sophia,Miller,PHYS150,professor5@university.edu,A,97
student680@university.edu,Michael,Smith,STAT300,professor4@university.edu,A,97
student766@university.edu,James,Jones,STAT300,professor4@university.edu,A,97
student832@university.edu,Alice,Hernandez,ECON202,professor11@university.edu,A,97
student866@university.edu,John,Williams,BUS301,professor14@university.edu,A,97
student914@university.edu,John,Davis,LAW101,professor13@university.edu,A,97
student166@university.edu,Emma,Martinez,MATH101,professor2@university.edu,A,96
student377@university.edu,Alice,Johnson,BUS301,professor14@university.edu,A,96
student563@university.edu,Emma,Martinez,STAT300,professor4@university.edu,A,96
student784@university.edu,John,Jones,PSYCH101,professor10@university.edu,A,96
student793@university.edu,Emma,Jones,ECON202,professor11@university.edu,A,96
student797@university.edu,Emma,Johnson,HIST210,professor9@university.edu,A,96
student858@university.edu,John,Williams,PSYCH101,professor10@university.edu,A,96
student862@university.edu,John,Brown,MATH101,professor2@university.edu,A,96
student867@university.edu,James,Johnson,STAT300,professor4@university.edu,A,96
student76@university.edu,James,Johnson,CS101,professor3@university.edu,A,95
student103@university.edu,Sophia,Garcia,ENG201,professor8@university.edu,A,95
student130@university.edu,John,Brown,ECON202,professor11@university.edu,A,95
student187@university.edu,Isabella,Johnson,CHEM101,professor7@university.edu,A,95
student199@university.edu,Isabella,Jones,BUS301,professor14@university.edu,A,95
student432@university.edu,David,Williams,CHEM101,professor7@university.edu,A,95
student639@university.edu,Alice,Brown,CS101,professor3@university.edu,A,95
student662@university.edu,John,Garcia,BIO101,professor6@university.edu,A,95
student669@university.edu,Alice,Martinez,STAT300,professor4@university.edu,A,95
student690@university.edu,John,Davis,MED101,professor15@university.edu,A,95
student724@university.edu,Robert,Jones,PSYCH101,professor10@university.edu,A,95
student830@university.edu,Michael,Martinez,MED101,professor15@university.edu,A,95
student888@university.edu,Robert,Garcia,PHIL100,professor12@university.edu,A,95
student971@university.edu,James,Miller,PSYCH101,professor10@university.edu,A,95
test.student@example.com,Test,Student,CS101,professor@example.com,B,85
student10@university.edu,Michael,Miller,CHEM101,professor7@university.edu,A,94
student88@university.edu,Olivia,Smith,MATH101,professor2@university.edu,A,94
student110@university.edu,Sophia,Brown,CS101,professor3@university.edu,A,94
student252@university.edu,John,Hernandez,DATA200,professor1@university.edu,A,94
student326@university.edu,Olivia,Williams,HIST210,professor9@university.edu,A,94
student370@university.edu,David,Johnson,PSYCH101,professor10@university.edu,A,94
student452@university.edu,John,Miller,BIO101,professor6@university.edu,A,94
student466@university.edu,David,Brown,MATH101,professor2@university.edu,A,94
student475@university.edu,Sophia,Williams,CHEM101,professor7@university.edu,A,94
student560@university.edu,Michael,Johnson,MATH101,professor2@university.edu,A,94
student593@university.edu,Sophia,Johnson,BIO101,professor6@university.edu,A,94
student618@university.edu,Isabella,Hernandez,HIST210,professor9@university.edu,A,94
student621@university.edu,Michael,Garcia,MATH101,professor2@university.edu,A,94
student675@university.edu,Sophia,Jones,PHYS150,professor5@university.edu,A,94
student775@university.edu,John,Miller,ECON202,professor11@university.edu,A,94
student883@university.edu,Olivia,Brown,DATA200,professor1@university.edu,A,94
student973@university.edu,David,Smith,PSYCH101,professor10@university.edu,A,94
student987@university.edu,John,Hernandez,DATA200,professor1@university.edu,A,94
student994@university.edu,David,Jones,MED101,professor15@university.edu,A,94
student16@university.edu,Robert,Davis,BUS301,professor14@university.edu,A,93
student27@university.edu,Sophia,Hernandez,LAW101,professor13@university.edu,A,93
student68@university.edu,Michael,Jones,PHIL100,professor12@university.edu,A,93
student118@university.edu,James,Davis,ENG201,professor8@university.edu,A,93
student145@university.edu,Robert,Smith,ECON202,professor11@university.edu,A,93
student181@university.edu,Robert,Hernandez,DATA200,professor1@university.edu,A,93
student191@university.edu,Olivia,Davis,STAT300,professor4@university.edu,A,93
student451@university.edu,Isabella,Hernandez,ECON202,professor11@university.edu,A,93
student499@university.edu,Isabella,Miller,BUS301,professor14@university.edu,A,93
student684@university.edu,Olivia,Williams,CS101,professor3@university.edu,A,93
student699@university.edu,John,Williams,PSYCH101,professor10@university.edu,A,93
student771@university.edu,Robert,Miller,BUS301,professor14@university.edu,A,93
student790@university.edu,Olivia,Miller,DATA200,professor1@university.edu,A,93
student926@university.edu,Michael,Davis,BUS301,professor14@university.edu,A,93
student938@university.edu,David,Williams,MED101,professor15@university.edu,A,93
student953@university.edu,Emma,Davis,PSYCH101,professor10@university.edu,A,93
student980@university.edu,Emma,Hernandez,MATH101,professor2@university.edu,A,93
student981@university.edu,Isabella,Hernandez,BIO101,professor6@university.edu,A,93
student995@university.edu,David,Johnson,ECON202,professor11@university.edu,A,93
student62@university.edu,Sophia,Hernandez,BUS301,professor14@university.edu,A,92
student92@university.edu,David,Brown,MED101,professor15@university.edu,A,92
student184@university.edu,Robert,Johnson,HIST210,professor9@university.edu,A,92
student185@university.edu,John,Johnson,CS101,professor3@university.edu,A,92
student212@university.edu,John,Johnson,DATA200,professor1@university.edu,A,92
student243@university.edu,Alice,Miller,ENG201,professor8@university.edu,A,92
student295@university.edu,Isabella,Williams,DATA200,professor1@university.edu,A,92
student522@university.edu,Alice,Hernandez,HIST210,professor9@university.edu,A,92
student532@university.edu,James,Brown,HIST210,professor9@university.edu,A,92
student555@university.edu,Isabella,Garcia,STAT300,professor4@university.edu,A,92
student588@university.edu,John,Davis,ENG201,professor8@university.edu,A,92
student749@university.edu,Robert,Davis,PSYCH101,professor10@university.edu,A,92
student781@university.edu,Alice,Hernandez,ECON202,professor11@university.edu,A,92
student845@university.edu,James,Hernandez,MATH101,professor2@university.edu,A,92
student874@university.edu,Sophia,Davis,STAT300,professor4@university.edu,A,92
student901@university.edu,Sophia,Miller,BUS301,professor14@university.edu,A,92
student957@university.edu,Sophia,Garcia,PSYCH101,professor10@university.edu,A,92
student5@university.edu,John,Brown,MED101,professor15@university.edu,A,91
student77@university.edu,Sophia,Smith,HIST210,professor9@university.edu,A,91
student91@university.edu,David,Hernandez,ECON202,professor11@university.edu,A,91
student116@university.edu,Emma,Martinez,BUS301,professor14@university.edu,A,91
student151@university.edu,Michael,Martinez,ENG201,professor8@university.edu,A,91
student170@university.edu,David,Davis,CHEM101,professor7@university.edu,A,91
student198@university.edu,Robert,Martinez,ENG201,professor8@university.edu,A,91
student202@university.edu,Michael,Martinez,LAW101,professor13@university.edu,A,91
student218@university.edu,David,Williams,CHEM101,professor7@university.edu,A,91
student239@university.edu,John,Davis,LAW101,professor13@university.edu,A,91
student260@university.edu,Olivia,Hernandez,PHIL100,professor12@university.edu,A,91
student483@university.edu,Alice,Hernandez,BUS301,professor14@university.edu,A,91
student493@university.edu,John,Jones,PHIL100,professor12@university.edu,A,91
student616@university.edu,John,Brown,ECON202,professor11@university.edu,A,91
student619@university.edu,Robert,Hernandez,MATH101,professor2@university.edu,A,91
student629@university.edu,Olivia,Miller,HIST210,professor9@university.edu,A,91
student631@university.edu,Michael,Hernandez,DATA200,professor1@university.edu,A,91
student710@university.edu,Robert,Davis,CS101,professor3@university.edu,A,91
student822@university.edu,Sophia,Brown,ENG201,professor8@university.edu,A,91
student892@university.edu,David,Brown,STAT300,professor4@university.edu,A,91
student907@university.edu,David,Johnson,BUS301,professor14@university.edu,A,91
student913@university.edu,Michael,Jones,BUS301,professor14@university.edu,A,91
student66@university.edu,Sophia,Davis,PHYS150,professor5@university.edu,A,90
student210@university.edu,John,Brown,MED101,professor15@university.edu,A,90
student223@university.edu,David,Brown,ENG201,professor8@university.edu,A,90
student262@university.edu,James,Brown,LAW101,professor13@university.edu,A,90
student291@university.edu,Emma,Hernandez,CS101,professor3@university.edu,A,90
student400@university.edu,Alice,Johnson,CHEM101,professor7@university.edu,A,90
student471@university.edu,Alice,Miller,PHYS150,professor5@university.edu,A,90
student548@university.edu,Emma,Miller,CHEM101,professor7@university.edu,A,90
student649@university.edu,John,Johnson,MED101,professor15@university.edu,A,90
student722@university.edu,Isabella,Brown,ENG201,professor8@university.edu,A,90
student733@university.edu,James,Smith,MATH101,professor2@university.edu,A,90
student742@university.edu,John,Davis,MATH101,professor2@university.edu,A,90
student798@university.edu,Alice,Garcia,ECON202,professor11@university.edu,A,90
student824@university.edu,John,Johnson,LAW101,professor13@university.edu,A,90
student2@example.com,Student2,Test,DATA200,prof@example.com,A,90
student153@university.edu,Olivia,Smith,PHIL100,professor12@university.edu,B,89
student372@university.edu,Emma,Hernandez,BIO101,professor6@university.edu,B,89
student374@university.edu,David,Hernandez,ENG201,professor8@university.edu,B,89
student396@university.edu,Michael,Smith,ENG201,professor8@university.edu,B,89
student404@university.edu,Alice,Smith,LAW101,professor13@university.edu,B,89
student449@university.edu,Alice,Martinez,STAT300,professor4@university.edu,B,89
student541@university.edu,Sophia,Williams,BUS301,professor14@university.edu,B,89
student544@university.edu,Olivia,Miller,CHEM101,professor7@university.edu,B,89
student601@university.edu,Sophia,Martinez,BUS301,professor14@university.edu,B,89
student634@university.edu,Olivia,Williams,LAW101,professor13@university.edu,B,89
student637@university.edu,Sophia,Williams,PSYCH101,professor10@university.edu,B,89
student673@university.edu,James,Williams,PHIL100,professor12@university.edu,B,89
student817@university.edu,David,Hernandez,CS101,professor3@university.edu,B,89
student833@university.edu,Sophia,Davis,LAW101,professor13@university.edu,B,89
student882@university.edu,David,Miller,CS101,professor3@university.edu,B,89
student1@university.edu,Robert,Martinez,BIO101,professor6@university.edu,B,88
student266@university.edu,John,Miller,BIO101,professor6@university.edu,B,88
student284@university.edu,Robert,Martinez,DATA200,professor1@university.edu,B,88
student301@university.edu,Michael,Johnson,BUS301,professor14@university.edu,B,88
student349@university.edu,Michael,Smith,CS101,professor3@university.edu,B,88
student414@university.edu,Olivia,Martinez,PSYCH101,professor10@university.edu,B,88
student422@university.edu,Sophia,Davis,ENG201,professor8@university.edu,B,88
student542@university.edu,Michael,Garcia,DATA200,professor1@university.edu,B,88
student564@university.edu,Robert,Jones,BIO101,professor6@university.edu,B,88
student646@university.edu,Isabella,Jones,CS101,professor3@university.edu,B,88
student725@university.edu,Robert,Brown,ECON202,professor11@university.edu,B,88
student768@university.edu,Olivia,Williams,MATH101,professor2@university.edu,B,88
student837@university.edu,John,Johnson,CS101,professor3@university.edu,B,88
student842@university.edu,Isabella,Jones,LAW101,professor13@university.edu,B,88
student950@university.edu,Robert,Davis,BIO101,professor6@university.edu,B,88
student988@university.edu,Michael,Williams,CHEM101,professor7@university.edu,B,88
student9@university.edu,Emma,Williams,PHIL100,professor12@university.edu,B,87
student100@university.edu,Emma,Smith,BIO101,professor6@university.edu,B,87
student201@university.edu,David,Smith,PHYS150,professor5@university.edu,B,87
student211@university.edu,Michael,Garcia,PSYCH101,professor10@university.edu,B,87
student216@university.edu,Robert,Brown,MATH101,professor2@university.edu,B,87
student297@university.edu,Sophia,Johnson,ECON202,professor11@university.edu,B,87
student336@university.edu,David,Davis,PHYS150,professor5@university.edu,B,87
student337@university.edu,David,Miller,CHEM101,professor7@university.edu,B,87
student399@university.edu,Emma,Hernandez,PSYCH101,professor10@university.edu,B,87
student472@university.edu,Michael,Johnson,BUS301,professor14@university.edu,B,87
student484@university.edu,Sophia,Garcia,CHEM101,professor7@university.edu,B,87
student501@university.edu,Isabella,Hernandez,BIO101,professor6@university.edu,B,87
student528@university.edu,Olivia,Garcia,STAT300,professor4@university.edu,B,87
student534@university.edu,Isabella,Hernandez,PSYCH101,professor10@university.edu,B,87
student565@university.edu,James,Smith,BIO101,professor6@university.edu,B,87
student583@university.edu,Michael,Brown,DATA200,professor1@university.edu,B,87
student743@university.edu,Emma,Hernandez,CS101,professor3@university.edu,B,87
student746@university.edu,Olivia,Hernandez,LAW101,professor13@university.edu,B,87
student769@university.edu,Michael,Williams,PHIL100,professor12@university.edu,B,87
student773@university.edu,Emma,Johnson,ENG201,professor8@university.edu,B,87
student782@university.edu,David,Miller,BUS301,professor14@university.edu,B,87
student897@university.edu,Michael,Williams,CS101,professor3@university.edu,B,87
student900@university.edu,Sophia,Jones,ENG201,professor8@university.edu,B,87
student924@university.edu,Michael,Williams,DATA200,professor1@university.edu,B,87
student11@university.edu,James,Hernandez,STAT300,professor4@university.edu,B,86
student63@university.edu,Isabella,Miller,CHEM101,professor7@university.edu,B,86
student64@university.edu,Olivia,Martinez,PHYS150,professor5@university.edu,B,86
student159@university.edu,Isabella,Johnson,PSYCH101,professor10@university.edu,B,86
student179@university.edu,Isabella,Smith,MATH101,professor2@university.edu,B,86
student226@university.edu,Alice,Miller,DATA200,professor1@university.edu,B,86
student238@university.edu,Olivia,Davis,PHYS150,professor5@university.edu,B,86
student328@university.edu,Sophia,Martinez,PHIL100,professor12@university.edu,B,86
student386@university.edu,Alice,Williams,BIO101,professor6@university.edu,B,86
student401@university.edu,David,Smith,MATH101,professor2@university.edu,B,86
student495@university.edu,Emma,Miller,PHIL100,professor12@university.edu,B,86
student599@university.edu,Isabella,Martinez,MATH101,professor2@university.edu,B,86
student626@university.edu,James,Miller,PSYCH101,professor10@university.edu,B,86
student632@university.edu,Emma,Miller,CHEM101,professor7@university.edu,B,86
student744@university.edu,Sophia,Martinez,PHIL100,professor12@university.edu,B,86
student787@university.edu,Alice,Miller,BIO101,professor6@university.edu,B,86
student905@university.edu,David,Hernandez,MATH101,professor2@university.edu,B,86
student961@university.edu,Olivia,Johnson,DATA200,professor1@university.edu,B,86
student41@university.edu,Isabella,Brown,BUS301,professor14@university.edu,B,85
student61@university.edu,Olivia,Davis,ECON202,professor11@university.edu,B,85
student74@university.edu,James,Martinez,ECON202,professor11@university.edu,B,85
student78@university.edu,Olivia,Davis,ECON202,professor11@university.edu,B,85
student82@university.edu,Sophia,Miller,LAW101,professor13@university.edu,B,85
student111@university.edu,Olivia,Davis,STAT300,professor4@university.edu,B,85
student182@university.edu,Robert,Davis,LAW101,professor13@university.edu,B,85
student209@university.edu,David,Miller,ENG201,professor8@university.edu,B,85
student250@university.edu,Alice,Johnson,MATH101,professor2@university.edu,B,85
student345@university.edu,Robert,Jones,BUS301,professor14@university.edu,B,85
student376@university.edu,Sophia,Smith,PHYS150,professor5@university.edu,B,85
student410@university.edu,Alice,Davis,ENG201,professor8@university.edu,B,85
student433@university.edu,Sophia,Martinez,CHEM101,professor7@university.edu,B,85
student437@university.edu,Emma,Williams,PSYCH101,professor10@university.edu,B,85
student444@university.edu,Robert,Johnson,STAT300,professor4@university.edu,B,85
student512@university.edu,John,Martinez,DATA200,professor1@university.edu,B,85
student665@university.edu,Robert,Martinez,LAW101,professor13@university.edu,B,85
student672@university.edu,Alice,Jones,LAW101,professor13@university.edu,B,85
student727@university.edu,John,Smith,ECON202,professor11@university.edu,B,85
student753@university.edu,James,Miller,LAW101,professor13@university.edu,B,85
student813@university.edu,Olivia,Brown,MED101,professor15@university.edu,B,85
student890@university.edu,Alice,Davis,PHIL100,professor12@university.edu,B,85
student910@university.edu,Olivia,Hernandez,CS101,professor3@university.edu,B,85
student976@university.edu,Sophia,Jones,MED101,professor15@university.edu,B,85
student989@university.edu,Robert,Jones,BIO101,professor6@university.edu,B,85
student33@university.edu,James,Jones,BUS301,professor14@university.edu,B,84
student71@university.edu,Isabella,Miller,BUS301,professor14@university.edu,B,84
student79@university.edu,Emma,Garcia,ECON202,professor11@university.edu,B,84
student120@university.edu,David,Hernandez,CHEM101,professor7@university.edu,B,84
student186@university.edu,James,Jones,PSYCH101,professor10@university.edu,B,84
student237@university.edu,David,Miller,PSYCH101,professor10@university.edu,B,84
student322@university.edu,Emma,Williams,CS101,professor3@university.edu,B,84
student427@university.edu,Emma,Davis,MED101,professor15@university.edu,B,84
student569@university.edu,Robert,Hernandez,ENG201,professor8@university.edu,B,84
student570@university.edu,Michael,Williams,MATH101,professor2@university.edu,B,84
student661@university.edu,Robert,Garcia,ECON202,professor11@university.edu,B,84
student741@university.edu,Isabella,Smith,PHYS150,professor5@university.edu,B,84
student754@university.edu,Robert,Davis,PHIL100,professor12@university.edu,B,84
student804@university.edu,David,Martinez,MATH101,professor2@university.edu,B,84
student808@university.edu,Alice,Davis,CS101,professor3@university.edu,B,84
student847@university.edu,John,Martinez,BUS301,professor14@university.edu,B,84
student921@university.edu,Isabella,Martinez,MED101,professor15@university.edu,B,84
student947@university.edu,David,Martinez,LAW101,professor13@university.edu,B,84
student4@university.edu,Michael,Brown,PSYCH101,professor10@university.edu,B,83
student51@university.edu,Alice,Garcia,BIO101,professor6@university.edu,B,83
student58@university.edu,Sophia,Jones,CS101,professor3@university.edu,B,83
student87@university.edu,David,Miller,HIST210,professor9@university.edu,B,83
student132@university.edu,Sophia,Davis,ECON202,professor11@university.edu,B,83
student134@university.edu,Robert,Williams,MED101,professor15@university.edu,B,83
student381@university.edu,Sophia,Garcia,HIST210,professor9@university.edu,B,83
student461@university.edu,James,Martinez,LAW101,professor13@university.edu,B,83
student465@university.edu,Sophia,Johnson,MED101,professor15@university.edu,B,83
student477@university.edu,Emma,Smith,PHIL100,professor12@university.edu,B,83
student529@university.edu,Olivia,Hernandez,MED101,professor15@university.edu,B,83
student553@university.edu,Emma,Brown,LAW101,professor13@university.edu,B,83
student658@university.edu,Robert,Smith,ECON202,professor11@university.edu,B,83
student664@university.edu,Isabella,Williams,LAW101,professor13@university.edu,B,83
student718@university.edu,David,Hernandez,PHYS150,professor5@university.edu,B,83
student735@university.edu,David,Jones,MED101,professor15@university.edu,B,83
student750@university.edu,Sophia,Miller,LAW101,professor13@university.edu,B,83
student770@university.edu,James,Hernandez,MATH101,professor2@university.edu,B,83
student778@university.edu,Michael,Johnson,STAT300,professor4@university.edu,B,83
student789@university.edu,Robert,Brown,ENG201,professor8@university.edu,B,83
student835@university.edu,Michael,Williams,ENG201,professor8@university.edu,B,83
student857@university.edu,Emma,Williams,PSYCH101,professor10@university.edu,B,83
student972@university.edu,Isabella,Davis,STAT300,professor4@university.edu,B,83
student104@university.edu,John,Davis,HIST210,professor9@university.edu,B,82
student143@university.edu,David,Garcia,BIO101,professor6@university.edu,B,82
student160@university.edu,Robert,Johnson,CS101,professor3@university.edu,B,82
student200@university.edu,Olivia,Williams,MATH101,professor2@university.edu,B,82
student235@university.edu,James,Davis,LAW101,professor13@university.edu,B,82
student316@university.edu,Robert,Johnson,STAT300,professor4@university.edu,B,82
student340@university.edu,Michael,Smith,HIST210,professor9@university.edu,B,82
student476@university.edu,Alice,Smith,CHEM101,professor7@university.edu,B,82
student478@university.edu,Michael,Davis,LAW101,professor13@university.edu,B,82
student518@university.edu,Michael,Johnson,BIO101,professor6@university.edu,B,82
student573@university.edu,John,Williams,BUS301,professor14@university.edu,B,82
student576@university.edu,Michael,Jones,PSYCH101,professor10@university.edu,B,82
student587@university.edu,Michael,Garcia,STAT300,professor4@university.edu,B,82
student596@university.edu,Emma,Hernandez,ENG201,professor8@university.edu,B,82
student730@university.edu,Michael,Garcia,PHIL100,professor12@university.edu,B,82
student803@university.edu,Olivia,Martinez,MATH101,professor2@university.edu,B,82
student815@university.edu,James,Davis,CS101,professor3@university.edu,B,82
student828@university.edu,Michael,Davis,LAW101,professor13@university.edu,B,82
student863@university.edu,Robert,Garcia,PSYCH101,professor10@university.edu,B,82
student927@university.edu,Sophia,Jones,STAT300,professor4@university.edu,B,82
student930@university.edu,Alice,Jones,ECON202,professor11@university.edu,B,82
student949@university.edu,Sophia,Hernandez,LAW101,professor13@university.edu,B,82
student992@university.edu,Isabella,Williams,ECON202,professor11@university.edu,B,82
student998@university.edu,John,Smith,CHEM101,professor7@university.edu,B,82
student21@university.edu,Robert,Johnson,CHEM101,professor7@university.edu,B,81
student80@university.edu,David,Johnson,CS101,professor3@university.edu,B,81
student107@university.edu,James,Jones,BUS301,professor14@university.edu,B,81
student171@university.edu,Alice,Hernandez,MED101,professor15@university.edu,B,81
student214@university.edu,Olivia,Johnson,PHYS150,professor5@university.edu,B,81
student251@university.edu,James,Brown,LAW101,professor13@university.edu,B,81
student255@university.edu,Olivia,Brown,PHIL100,professor12@university.edu,B,81
student280@university.edu,Sophia,Garcia,BUS301,professor14@university.edu,B,81
student379@university.edu,Olivia,Jones,CHEM101,professor7@university.edu,B,81
student413@university.edu,Sophia,Martinez,BUS301,professor14@university.edu,B,81
student448@university.edu,Emma,Garcia,CHEM101,professor7@university.edu,B,81
student510@university.edu,Emma,Johnson,PHIL100,professor12@university.edu,B,81
student537@university.edu,John,Johnson,ECON202,professor11@university.edu,B,81
student539@university.edu,David,Brown,ECON202,professor11@university.edu,B,81
student566@university.edu,Olivia,Jones,MATH101,professor2@university.edu,B,81
student653@university.edu,Emma,Miller,CHEM101,professor7@university.edu,B,81
student685@university.edu,David,Smith,PHYS150,professor5@university.edu,B,81
student688@university.edu,James,Garcia,CHEM101,professor7@university.edu,B,81
student698@university.edu,Isabella,Williams,CHEM101,professor7@university.edu,B,81
student762@university.edu,Isabella,Hernandez,MATH101,professor2@university.edu,B,81
student841@university.edu,Michael,Johnson,ECON202,professor11@university.edu,B,81
student887@university.edu,John,Martinez,BIO101,professor6@university.edu,B,81
student908@university.edu,Alice,Johnson,PHIL100,professor12@university.edu,B,81
student94@university.edu,Sophia,Davis,DATA200,professor1@university.edu,B,80
student95@university.edu,Emma,Williams,CS101,professor3@university.edu,B,80
student135@university.edu,Emma,Miller,MED101,professor15@university.edu,B,80
student172@university.edu,James,Brown,ENG201,professor8@university.edu,B,80
student188@university.edu,Emma,Garcia,HIST210,professor9@university.edu,B,80
student259@university.edu,Sophia,Martinez,CHEM101,professor7@university.edu,B,80
student343@university.edu,Alice,Williams,BUS301,professor14@university.edu,B,80
student366@university.edu,James,Jones,PHIL100,professor12@university.edu,B,80
student398@university.edu,Alice,Williams,DATA200,professor1@university.edu,B,80
student446@university.edu,Alice,Williams,ENG201,professor8@university.edu,B,80
student450@university.edu,Olivia,Hernandez,CHEM101,professor7@university.edu,B,80
student503@university.edu,David,Hernandez,LAW101,professor13@university.edu,B,80
student579@university.edu,Isabella,Martinez,CHEM101,professor7@university.edu,B,80
student581@university.edu,Olivia,Smith,CS101,professor3@university.edu,B,80
student612@university.edu,Emma,Brown,MATH101,professor2@university.edu,B,80
student696@university.edu,Robert,Martinez,ENG201,professor8@university.edu,B,80
student761@university.edu,John,Miller,ENG201,professor8@university.edu,B,80
student899@university.edu,Olivia,Johnson,DATA200,professor1@university.edu,B,80
student904@university.edu,Olivia,Jones,PHIL100,professor12@university.edu,B,80
student911@university.edu,Robert,Johnson,CHEM101,professor7@university.edu,B,80
student1@example.com,Student1,Test,DATA200,prof@example.com,B,80
student154@university.edu,David,Davis,PHIL100,professor12@university.edu,C,79
student232@university.edu,James,Smith,CS101,professor3@university.edu,C,79
student272@university.edu,David,Jones,HIST210,professor9@university.edu,C,79
student325@university.edu,Emma,Brown,BUS301,professor14@university.edu,C,79
student346@university.edu,Alice,Garcia,HIST210,professor9@university.edu,C,79
student351@university.edu,David,Davis,LAW101,professor13@university.edu,C,79
student468@university.edu,Alice,Jones,PHIL100,professor12@university.edu,C,79
student502@university.edu,Emma,Smith,MED101,professor15@university.edu,C,79
student641@university.edu,Olivia,Davis,HIST210,professor9@university.edu,C,79
student712@university.edu,Robert,Johnson,PHYS150,professor5@university.edu,C,79
student739@university.edu,Sophia,Brown,HIST210,professor9@university.edu,C,79
student792@university.edu,Isabella,Jones,DATA200,professor1@university.edu,C,79
student932@university.edu,James,Miller,CS101,professor3@university.edu,C,79
student954@university.edu,Isabella,Smith,ECON202,professor11@university.edu,C,79
student955@university.edu,Michael,Garcia,BUS301,professor14@university.edu,C,79
student969@university.edu,Isabella,Smith,ENG201,professor8@university.edu,C,79
student974@university.edu,James,Williams,LAW101,professor13@university.edu,C,79
student984@university.edu,David,Garcia,PHYS150,professor5@university.edu,C,79
student48@university.edu,Robert,Garcia,LAW101,professor13@university.edu,C,78
student69@university.edu,Alice,Martinez,CHEM101,professor7@university.edu,C,78
student113@university.edu,Isabella,Williams,ENG201,professor8@university.edu,C,78
student139@university.edu,John,Hernandez,PHIL100,professor12@university.edu,C,78
student174@university.edu,John,Johnson,PSYCH101,professor10@university.edu,C,78
student183@university.edu,James,Martinez,BUS301,professor14@university.edu,C,78
student203@university.edu,Sophia,Miller,STAT300,professor4@university.edu,C,78
student246@university.edu,Olivia,Jones,CHEM101,professor7@university.edu,C,78
student298@university.edu,John,Jones,HIST210,professor9@university.edu,C,78
student303@university.edu,John,Miller,ENG201,professor8@university.edu,C,78
student306@university.edu,Emma,Johnson,DATA200,professor1@university.edu,C,78
student312@university.edu,Emma,Brown,DATA200,professor1@university.edu,C,78
student318@university.edu,Sophia,Brown,LAW101,professor13@university.edu,C,78
student320@university.edu,Isabella,Garcia,MATH101,professor2@university.edu,C,78
student367@university.edu,Robert,Johnson,MED101,professor15@university.edu,C,78
student387@university.edu,Emma,Garcia,CS101,professor3@university.edu,C,78
student445@university.edu,Sophia,Hernandez,BUS301,professor14@university.edu,C,78
student456@university.edu,Emma,Brown,STAT300,professor4@university.edu,C,78
student482@university.edu,Robert,Williams,MED101,professor15@university.edu,C,78
student572@university.edu,James,Miller,DATA200,professor1@university.edu,C,78
student648@university.edu,Michael,Hernandez,DATA200,professor1@university.edu,C,78
student752@university.edu,James,Martinez,ECON202,professor11@university.edu,C,78
student896@university.edu,John,Martinez,STAT300,professor4@university.edu,C,78
student909@university.edu,Michael,Brown,HIST210,professor9@university.edu,C,78
student939@university.edu,Michael,Miller,PHIL100,professor12@university.edu,C,78
student0@university.edu,Robert,Hernandez,DATA200,professor1@university.edu,C,77
student93@university.edu,Olivia,Garcia,STAT300,professor4@university.edu,C,77
student147@university.edu,Robert,Williams,STAT300,professor4@university.edu,C,77
student155@university.edu,Michael,Smith,MED101,professor15@university.edu,C,77
student169@university.edu,Robert,Martinez,MATH101,professor2@university.edu,C,77
student248@university.edu,Alice,Davis,ECON202,professor11@university.edu,C,77
student281@university.edu,Michael,Garcia,CS101,professor3@university.edu,C,77
student308@university.edu,James,Davis,HIST210,professor9@university.edu,C,77
student498@university.edu,Robert,Jones,HIST210,professor9@university.edu,C,77
student507@university.edu,Emma,Davis,STAT300,professor4@university.edu,C,77
student525@university.edu,David,Davis,BIO101,professor6@university.edu,C,77
student536@university.edu,Alice,Brown,CS101,professor3@university.edu,C,77
student647@university.edu,Sophia,Jones,ENG201,professor8@university.edu,C,77
student772@university.edu,John,Hernandez,CHEM101,professor7@university.edu,C,77
student806@university.edu,Isabella,Davis,PHYS150,professor5@university.edu,C,77
student856@university.edu,Sophia,Smith,ECON202,professor11@university.edu,C,77
student881@university.edu,Robert,Garcia,ENG201,professor8@university.edu,C,77
student922@university.edu,John,Smith,STAT300,professor4@university.edu,C,77
student942@university.edu,Robert,Martinez,MED101,professor15@university.edu,C,77
student54@university.edu,Sophia,Williams,CHEM101,professor7@university.edu,C,76
student67@university.edu,Michael,Brown,LAW101,professor13@university.edu,C,76
student137@university.edu,Emma,Miller,ECON202,professor11@university.edu,C,76
student148@university.edu,John,Miller,CHEM101,professor7@university.edu,C,76
student395@university.edu,James,Garcia,CHEM101,professor7@university.edu,C,76
student458@university.edu,John,Smith,HIST210,professor9@university.edu,C,76
student571@university.edu,John,Williams,ECON202,professor11@university.edu,C,76
student590@university.edu,Olivia,Davis,PHYS150,professor5@university.edu,C,76
student674@university.edu,Olivia,Williams,BIO101,professor6@university.edu,C,76
student709@university.edu,Alice,Johnson,PSYCH101,professor10@university.edu,C,76
student786@university.edu,Sophia,Smith,MATH101,professor2@university.edu,C,76
student925@university.edu,David,Hernandez,ECON202,professor11@university.edu,C,76
student993@university.edu,Sophia,Hernandez,BUS301,professor14@university.edu,C,76
student101@university.edu,Isabella,Davis,STAT300,professor4@university.edu,C,75
student128@university.edu,Sophia,Miller,MATH101,professor2@university.edu,C,75
student161@university.edu,Isabella,Garcia,LAW101,professor13@university.edu,C,75
student221@university.edu,Emma,Brown,PSYCH101,professor10@university.edu,C,75
student270@university.edu,Alice,Brown,PHIL100,professor12@university.edu,C,75
student330@university.edu,James,Jones,PSYCH101,professor10@university.edu,C,75
student348@university.edu,Emma,Martinez,PHYS150,professor5@university.edu,C,75
student406@university.edu,Emma,Johnson,BUS301,professor14@university.edu,C,75
student454@university.edu,Emma,Hernandez,MED101,professor15@university.edu,C,75
student694@university.edu,James,Miller,ENG201,professor8@university.edu,C,75
student711@university.edu,Sophia,Jones,ENG201,professor8@university.edu,C,75
student731@university.edu,Sophia,Miller,PSYCH101,professor10@university.edu,C,75
student759@university.edu,David,Brown,DATA200,professor1@university.edu,C,75
student774@university.edu,David,Smith,ECON202,professor11@university.edu,C,75
student814@university.edu,James,Hernandez,HIST210,professor9@university.edu,C,75
student57@university.edu,Michael,Hernandez,ECON202,professor11@university.edu,C,74
student89@university.edu,Emma,Martinez,ECON202,professor11@university.edu,C,74
student99@university.edu,David,Martinez,PHYS150,professor5@university.edu,C,74
student338@university.edu,James,Jones,LAW101,professor13@university.edu,C,74
student364@university.edu,James,Brown,DATA200,professor1@university.edu,C,74
student385@university.edu,Michael,Williams,BIO101,professor6@university.edu,C,74
student435@university.edu,John,Jones,ECON202,professor11@university.edu,C,74
student470@university.edu,Sophia,Williams,CHEM101,professor7@university.edu,C,74
student497@university.edu,Sophia,Hernandez,ENG201,professor8@university.edu,C,74
student613@university.edu,Emma,Williams,PHIL100,professor12@university.edu,C,74
student617@university.edu,James,Martinez,ENG201,professor8@university.edu,C,74
student640@university.edu,Emma,Brown,CHEM101,professor7@university.edu,C,74
student654@university.edu,James,Hernandez,ENG201,professor8@university.edu,C,74
student726@university.edu,James,Miller,BIO101,professor6@university.edu,C,74
student846@university.edu,Sophia,Smith,PHYS150,professor5@university.edu,C,74
student889@university.edu,Sophia,Garcia,BIO101,professor6@university.edu,C,74
student940@university.edu,James,Jones,DATA200,professor1@university.edu,C,74
student941@university.edu,Alice,Martinez,PSYCH101,professor10@university.edu,C,74
student17@university.edu,Sophia,Hernandez,STAT300,professor4@university.edu,C,73
student23@university.edu,Isabella,Brown,PSYCH101,professor10@university.edu,C,73
student126@university.edu,Isabella,Brown,MATH101,professor2@university.edu,C,73
student219@university.edu,Olivia,Hernandez,CS101,professor3@university.edu,C,73
student511@university.edu,Emma,Martinez,BUS301,professor14@university.edu,C,73
student517@university.edu,Olivia,Hernandez,BIO101,professor6@university.edu,C,73
student520@university.edu,John,Hernandez,LAW101,professor13@university.edu,C,73
student668@university.edu,Emma,Garcia,MED101,professor15@university.edu,C,73
student692@university.edu,James,Hernandez,MATH101,professor2@university.edu,C,73
student697@university.edu,Alice,Martinez,PHIL100,professor12@university.edu,C,73
student788@university.edu,Sophia,Smith,STAT300,professor4@university.edu,C,73
student800@university.edu,Sophia,Smith,LAW101,professor13@university.edu,C,73
student831@university.edu,Michael,Johnson,PHYS150,professor5@university.edu,C,73
student836@university.edu,Michael,Smith,BIO101,professor6@university.edu,C,73
student839@university.edu,Olivia,Johnson,DATA200,professor1@university.edu,C,73
student872@university.edu,Michael,Garcia,CHEM101,professor7@university.edu,C,73
student999@university.edu,James,Hernandez,BIO101,professor6@university.edu,C,73
student14@university.edu,James,Johnson,ENG201,professor8@university.edu,C,72
student22@university.edu,Isabella,Davis,BIO101,professor6@university.edu,C,72
student213@university.edu,Alice,Davis,ENG201,professor8@university.edu,C,72
student227@university.edu,Emma,Garcia,DATA200,professor1@university.edu,C,72
student371@university.edu,Robert,Jones,PHYS150,professor5@university.edu,C,72
student389@university.edu,Isabella,Brown,MATH101,professor2@university.edu,C,72
student487@university.edu,John,Smith,ENG201,professor8@university.edu,C,72
student491@university.edu,Michael,Jones,HIST210,professor9@university.edu,C,72
student494@university.edu,John,Garcia,MED101,professor15@university.edu,C,72
student515@university.edu,Isabella,Johnson,LAW101,professor13@university.edu,C,72
student562@university.edu,James,Williams,STAT300,professor4@university.edu,C,72
student577@university.edu,John,Hernandez,BIO101,professor6@university.edu,C,72
student657@university.edu,James,Davis,ECON202,professor11@university.edu,C,72
student670@university.edu,Michael,Williams,ECON202,professor11@university.edu,C,72
student676@university.edu,Isabella,Johnson,MATH101,professor2@university.edu,C,72
student796@university.edu,Olivia,Davis,BUS301,professor14@university.edu,C,72
student818@university.edu,James,Hernandez,PHYS150,professor5@university.edu,C,72
student827@university.edu,Emma,Hernandez,STAT300,professor4@university.edu,C,72
student873@university.edu,John,Davis,DATA200,professor1@university.edu,C,72
student884@university.edu,David,Hernandez,ENG201,professor8@university.edu,C,72
student15@university.edu,John,Johnson,ECON202,professor11@university.edu,C,71
student83@university.edu,Sophia,Hernandez,PSYCH101,professor10@university.edu,C,71
student106@university.edu,David,Garcia,MATH101,professor2@university.edu,C,71
student108@university.edu,Alice,Jones,STAT300,professor4@university.edu,C,71
student119@university.edu,John,Martinez,BIO101,professor6@university.edu,C,71
student129@university.edu,Alice,Smith,ENG201,professor8@university.edu,C,71
student157@university.edu,James,Davis,STAT300,professor4@university.edu,C,71
student240@university.edu,Alice,Davis,MED101,professor15@university.edu,C,71
student302@university.edu,Robert,Williams,ECON202,professor11@university.edu,C,71
student354@university.edu,Olivia,Davis,ECON202,professor11@university.edu,C,71
student425@university.edu,David,Miller,MED101,professor15@university.edu,C,71
student469@university.edu,David,Hernandez,PHYS150,professor5@university.edu,C,71
student473@university.edu,Emma,Miller,ENG201,professor8@university.edu,C,71
student546@university.edu,James,Hernandez,ENG201,professor8@university.edu,C,71
student628@university.edu,Michael,Smith,PHIL100,professor12@university.edu,C,71
student635@university.edu,John,Martinez,BUS301,professor14@university.edu,C,71
student791@university.edu,John,Williams,MATH101,professor2@university.edu,C,71
student886@university.edu,Isabella,Hernandez,MED101,professor15@university.edu,C,71
student73@university.edu,Sophia,Martinez,BUS301,professor14@university.edu,C,70
student124@university.edu,Michael,Garcia,BIO101,professor6@university.edu,C,70
student131@university.edu,John,Brown,MED101,professor15@university.edu,C,70
student152@university.edu,Michael,Williams,BUS301,professor14@university.edu,C,70
student359@university.edu,Alice,Jones,PHIL100,professor12@university.edu,C,70
student375@university.edu,David,Johnson,STAT300,professor4@university.edu,C,70
student474@university.edu,Sophia,Miller,BUS301,professor14@university.edu,C,70
student489@university.edu,David,Hernandez,STAT300,professor4@university.edu,C,70
student524@university.edu,Alice,Martinez,PHIL100,professor12@university.edu,C,70
student527@university.edu,James,Martinez,CS101,professor3@university.edu,C,70
student582@university.edu,James,Jones,STAT300,professor4@university.edu,C,70
student622@university.edu,Sophia,Miller,MATH101,professor2@university.edu,C,70
student650@university.edu,Isabella,Davis,HIST210,professor9@university.edu,C,70
student666@university.edu,John,Smith,CHEM101,professor7@university.edu,C,70
student686@university.edu,Isabella,Garcia,PSYCH101,professor10@university.edu,C,70
student748@university.edu,Michael,Miller,DATA200,professor1@university.edu,C,70
student764@university.edu,Sophia,Jones,PSYCH101,professor10@university.edu,C,70
student810@university.edu,Emma,Brown,LAW101,professor13@university.edu,C,70
student906@university.edu,Emma,Smith,PSYCH101,professor10@university.edu,C,70
student915@university.edu,John,Martinez,PHIL100,professor12@university.edu,C,70
student918@university.edu,James,Williams,HIST210,professor9@university.edu,C,70
student951@university.edu,Sophia,Miller,MATH101,professor2@university.edu,C,70
student968@university.edu,Sophia,Hernandez,MATH101,professor2@university.edu,C,70
student3@example.com,Student3,Test,DATA200,prof@example.com,C,70
student136@university.edu,Michael,Williams,HIST210,professor9@university.edu,D,69
student176@university.edu,Sophia,Miller,PHYS150,professor5@university.edu,D,69
student217@university.edu,Robert,Martinez,BIO101,professor6@university.edu,D,69
student282@university.edu,Alice,Miller,HIST210,professor9@university.edu,D,69
student289@university.edu,Emma,Johnson,HIST210,professor9@university.edu,D,69
student296@university.edu,Alice,Jones,BIO101,professor6@university.edu,D,69
student360@university.edu,Isabella,Miller,BUS301,professor14@university.edu,D,69
student362@university.edu,John,Jones,LAW101,professor13@university.edu,D,69
student516@university.edu,Robert,Brown,ENG201,professor8@university.edu,D,69
student543@university.edu,David,Hernandez,BIO101,professor6@university.edu,D,69
student602@university.edu,Isabella,Davis,STAT300,professor4@university.edu,D,69
student615@university.edu,Sophia,Johnson,BIO101,professor6@university.edu,D,69
student655@university.edu,David,Brown,MATH101,professor2@university.edu,D,69
student729@university.edu,Isabella,Johnson,PHYS150,professor5@university.edu,D,69
student737@university.edu,James,Martinez,MATH101,professor2@university.edu,D,69
student758@university.edu,Michael,Williams,ENG201,professor8@university.edu,D,69
student829@university.edu,Isabella,Williams,PHIL100,professor12@university.edu,D,69
student859@university.edu,Michael,Jones,MATH101,professor2@university.edu,D,69
student877@university.edu,Olivia,Brown,ECON202,professor11@university.edu,D,69
student49@university.edu,Isabella,Garcia,STAT300,professor4@university.edu,D,68
student59@university.edu,James,Williams,CS101,professor3@university.edu,D,68
student86@university.edu,John,Martinez,ENG201,professor8@university.edu,D,68
student90@university.edu,Olivia,Hernandez,MATH101,professor2@university.edu,D,68
student225@university.edu,Emma,Martinez,STAT300,professor4@university.edu,D,68
student231@university.edu,Olivia,Martinez,MATH101,professor2@university.edu,D,68
student267@university.edu,Isabella,Davis,LAW101,professor13@university.edu,D,68
student309@university.edu,Michael,Jones,BIO101,professor6@university.edu,D,68
student335@university.edu,Michael,Jones,BIO101,professor6@university.edu,D,68
student415@university.edu,James,Brown,CHEM101,professor7@university.edu,D,68
student488@university.edu,Emma,Jones,CHEM101,professor7@university.edu,D,68
student552@university.edu,Alice,Johnson,HIST210,professor9@university.edu,D,68
student643@university.edu,Michael,Martinez,HIST210,professor9@university.edu,D,68
student644@university.edu,Michael,Hernandez,CHEM101,professor7@university.edu,D,68
student740@university.edu,Isabella,Williams,ECON202,professor11@university.edu,D,68
student763@university.edu,Sophia,Williams,STAT300,professor4@university.edu,D,68
student819@university.edu,James,Davis,BIO101,professor6@university.edu,D,68
student823@university.edu,Michael,Garcia,PHIL100,professor12@university.edu,D,68
student902@university.edu,Robert,Hernandez,STAT300,professor4@university.edu,D,68
student917@university.edu,Alice,Williams,ENG201,professor8@university.edu,D,68
student934@university.edu,Olivia,Garcia,BIO101,professor6@university.edu,D,68
student959@university.edu,Robert,Jones,STAT300,professor4@university.edu,D,68
student970@university.edu,Sophia,Hernandez,DATA200,professor1@university.edu,D,68
student52@university.edu,Olivia,Hernandez,PHIL100,professor12@university.edu,D,67
student85@university.edu,Olivia,Jones,PSYCH101,professor10@university.edu,D,67
student141@university.edu,Alice,Brown,BIO101,professor6@university.edu,D,67
student193@university.edu,David,Martinez,PSYCH101,professor10@university.edu,D,67
student207@university.edu,Olivia,Smith,BUS301,professor14@university.edu,D,67
student215@university.edu,Olivia,Jones,CHEM101,professor7@university.edu,D,67
student244@university.edu,David,Johnson,PHYS150,professor5@university.edu,D,67
student253@university.edu,Olivia,Brown,DATA200,professor1@university.edu,D,67
student305@university.edu,Sophia,Brown,STAT300,professor4@university.edu,D,67
student310@university.edu,James,Williams,ECON202,professor11@university.edu,D,67
student311@university.edu,Emma,Miller,PHIL100,professor12@university.edu,D,67
student380@university.edu,Robert,Martinez,MATH101,professor2@university.edu,D,67
student447@university.edu,James,Hernandez,CHEM101,professor7@university.edu,D,67
student521@university.edu,Michael,Brown,LAW101,professor13@university.edu,D,67
student594@university.edu,Alice,Davis,MED101,professor15@university.edu,D,67
student614@university.edu,James,Hernandez,MATH101,professor2@university.edu,D,67
student671@university.edu,Isabella,Johnson,MED101,professor15@university.edu,D,67
student880@university.edu,Michael,Johnson,BUS301,professor14@university.edu,D,67
student965@university.edu,Michael,Hernandez,PSYCH101,professor10@university.edu,D,67
student38@university.edu,Alice,Williams,MATH101,professor2@university.edu,D,66
student43@university.edu,James,Miller,LAW101,professor13@university.edu,D,66
student117@university.edu,Sophia,Jones,ENG201,professor8@university.edu,D,66
student194@university.edu,David,Williams,LAW101,professor13@university.edu,D,66
student256@university.edu,Sophia,Johnson,ECON202,professor11@university.edu,D,66
student290@university.edu,Isabella,Hernandez,HIST210,professor9@university.edu,D,66
student365@university.edu,Olivia,Hernandez,MATH101,professor2@university.edu,D,66
student428@university.edu,Robert,Smith,PHIL100,professor12@university.edu,D,66
student556@university.edu,James,Brown,PSYCH101,professor10@university.edu,D,66
student732@university.edu,Alice,Smith,STAT300,professor4@university.edu,D,66
student736@university.edu,John,Miller,PHYS150,professor5@university.edu,D,66
student843@university.edu,Alice,Miller,DATA200,professor1@university.edu,D,66
student854@university.edu,Michael,Johnson,ENG201,professor8@university.edu,D,66
student962@university.edu,James,Johnson,PHYS150,professor5@university.edu,D,66
student963@university.edu,David,Miller,STAT300,professor4@university.edu,D,66
student975@university.edu,Alice,Williams,PHYS150,professor5@university.edu,D,66
student53@university.edu,James,Hernandez,ECON202,professor11@university.edu,D,65
student70@university.edu,Michael,Johnson,PHIL100,professor12@university.edu,D,65
student72@university.edu,Olivia,Brown,HIST210,professor9@university.edu,D,65
student138@university.edu,Robert,Miller,PHIL100,professor12@university.edu,D,65
student228@university.edu,John,Johnson,BIO101,professor6@university.edu,D,65
student271@university.edu,John,Hernandez,MATH101,professor2@university.edu,D,65
student304@university.edu,Olivia,Miller,CS101,professor3@university.edu,D,65
student327@university.edu,Michael,Jones,DATA200,professor1@university.edu,D,65
student361@university.edu,Sophia,Miller,PSYCH101,professor10@university.edu,D,65
student405@university.edu,John,Williams,ECON202,professor11@university.edu,D,65
student439@university.edu,James,Davis,BIO101,professor6@university.edu,D,65
student441@university.edu,Emma,Johnson,BUS301,professor14@university.edu,D,65
student443@university.edu,Michael,Williams,LAW101,professor13@university.edu,D,65
student463@university.edu,James,Davis,STAT300,professor4@university.edu,D,65
student597@university.edu,Michael,Miller,BIO101,professor6@university.edu,D,65
student610@university.edu,Isabella,Miller,STAT300,professor4@university.edu,D,65
student747@university.edu,Robert,Johnson,LAW101,professor13@university.edu,D,65
student751@university.edu,Alice,Williams,CS101,professor3@university.edu,D,65
student776@university.edu,Michael,Brown,PHIL100,professor12@university.edu,D,65
student779@university.edu,John,Johnson,ECON202,professor11@university.edu,D,65
student848@university.edu,Olivia,Garcia,BIO101,professor6@university.edu,D,65
student978@university.edu,Isabella,Smith,MATH101,professor2@university.edu,D,65
student983@university.edu,James,Hernandez,MATH101,professor2@university.edu,D,65
student19@university.edu,James,Smith,HIST210,professor9@university.edu,D,64
student26@university.edu,Michael,Brown,BUS301,professor14@university.edu,D,64
student34@university.edu,Olivia,Smith,MATH101,professor2@university.edu,D,64
student84@university.edu,David,Jones,HIST210,professor9@university.edu,D,64
student158@university.edu,Olivia,Miller,ENG201,professor8@university.edu,D,64
student164@university.edu,Sophia,Garcia,LAW101,professor13@university.edu,D,64
student190@university.edu,Michael,Garcia,PHIL100,professor12@university.edu,D,64
student229@university.edu,David,Miller,PSYCH101,professor10@university.edu,D,64
student249@university.edu,Isabella,Williams,ENG201,professor8@university.edu,D,64
student279@university.edu,Alice,Williams,PSYCH101,professor10@university.edu,D,64
student313@university.edu,John,Williams,MATH101,professor2@university.edu,D,64
student317@university.edu,Isabella,Hernandez,PHYS150,professor5@university.edu,D,64
student352@university.edu,David,Williams,LAW101,professor13@university.edu,D,64
student358@university.edu,David,Williams,BIO101,professor6@university.edu,D,64
student384@university.edu,Robert,Hernandez,MED101,professor15@university.edu,D,64
student390@university.edu,Emma,Martinez,MED101,professor15@university.edu,D,64
student438@university.edu,John,Brown,BIO101,professor6@university.edu,D,64
student558@university.edu,James,Jones,HIST210,professor9@university.edu,D,64
student716@university.edu,Isabella,Martinez,CHEM101,professor7@university.edu,D,64
student767@university.edu,Emma,Davis,PHYS150,professor5@university.edu,D,64
student807@university.edu,Robert,Jones,CS101,professor3@university.edu,D,64
student838@university.edu,Isabella,Garcia,DATA200,professor1@university.edu,D,64
student850@university.edu,Isabella,Williams,MATH101,professor2@university.edu,D,64
student894@university.edu,Michael,Brown,PSYCH101,professor10@university.edu,D,64
student923@university.edu,Alice,Davis,ENG201,professor8@university.edu,D,64
student956@university.edu,James,Hernandez,LAW101,professor13@university.edu,D,64
student958@university.edu,Alice,Johnson,LAW101,professor13@university.edu,D,64
student29@university.edu,Robert,Hernandez,ECON202,professor11@university.edu,D,63
student37@university.edu,Emma,Jones,PSYCH101,professor10@university.edu,D,63
student40@university.edu,Emma,Davis,PHIL100,professor12@university.edu,D,63
student150@university.edu,Isabella,Garcia,CS101,professor3@university.edu,D,63
student156@university.edu,Isabella,Hernandez,STAT300,professor4@university.edu,D,63
student175@university.edu,Robert,Davis,PHYS150,professor5@university.edu,D,63
student241@university.edu,Emma,Williams,ENG201,professor8@university.edu,D,63
student245@university.edu,Robert,Brown,ECON202,professor11@university.edu,D,63
student285@university.edu,James,Johnson,BUS301,professor14@university.edu,D,63
student324@university.edu,Michael,Martinez,BUS301,professor14@university.edu,D,63
student342@university.edu,John,Davis,BIO101,professor6@university.edu,D,63
student363@university.edu,James,Garcia,CHEM101,professor7@university.edu,D,63
student408@university.edu,Emma,Davis,BUS301,professor14@university.edu,D,63
student455@university.edu,John,Miller,DATA200,professor1@university.edu,D,63
student513@university.edu,Emma,Garcia,MATH101,professor2@university.edu,D,63
student682@university.edu,Michael,Johnson,LAW101,professor13@university.edu,D,63
student734@university.edu,Emma,Martinez,ECON202,professor11@university.edu,D,63
student760@university.edu,Isabella,Garcia,DATA200,professor1@university.edu,D,63
student870@university.edu,Robert,Brown,MED101,professor15@university.edu,D,63
student25@university.edu,Olivia,Johnson,BUS301,professor14@university.edu,D,62
student31@university.edu,Emma,Williams,HIST210,professor9@university.edu,D,62
student102@university.edu,Alice,Hernandez,ECON202,professor11@university.edu,D,62
student205@university.edu,John,Brown,BUS301,professor14@university.edu,D,62
student208@university.edu,David,Davis,BIO101,professor6@university.edu,D,62
student254@university.edu,Sophia,Hernandez,PHIL100,professor12@university.edu,D,62
student467@university.edu,James,Davis,ECON202,professor11@university.edu,D,62
student523@university.edu,Michael,Smith,MATH101,professor2@university.edu,D,62
student550@university.edu,Robert,Martinez,PHYS150,professor5@university.edu,D,62
student567@university.edu,John,Williams,CHEM101,professor7@university.edu,D,62
student578@university.edu,Olivia,Williams,BIO101,professor6@university.edu,D,62
student592@university.edu,David,Davis,BIO101,professor6@university.edu,D,62
student598@university.edu,Olivia,Davis,CHEM101,professor7@university.edu,D,62
student606@university.edu,Olivia,Martinez,DATA200,professor1@university.edu,D,62
student630@university.edu,David,Jones,CHEM101,professor7@university.edu,D,62
student642@university.edu,Michael,Garcia,LAW101,professor13@university.edu,D,62
student681@university.edu,Sophia,Miller,PHIL100,professor12@university.edu,D,62
student936@university.edu,David,Miller,DATA200,professor1@university.edu,D,62
student30@university.edu,Isabella,Brown,LAW101,professor13@university.edu,D,61
student36@university.edu,Michael,Jones,HIST210,professor9@university.edu,D,61
student56@university.edu,Michael,Brown,BUS301,professor14@university.edu,D,61
student177@university.edu,David,Williams,PSYCH101,professor10@university.edu,D,61
student197@university.edu,Alice,Garcia,MED101,professor15@university.edu,D,61
student274@university.edu,Michael,Hernandez,MED101,professor15@university.edu,D,61
student292@university.edu,James,Hernandez,STAT300,professor4@university.edu,D,61
student294@university.edu,James,Davis,HIST210,professor9@university.edu,D,61
student419@university.edu,David,Davis,BUS301,professor14@university.edu,D,61
student504@university.edu,Sophia,Jones,STAT300,professor4@university.edu,D,61
student551@university.edu,Michael,Jones,PHYS150,professor5@university.edu,D,61
student559@university.edu,Alice,Smith,PHYS150,professor5@university.edu,D,61
student574@university.edu,Olivia,Davis,CHEM101,professor7@university.edu,D,61
student600@university.edu,John,Jones,STAT300,professor4@university.edu,D,61
student607@university.edu,James,Brown,LAW101,professor13@university.edu,D,61
student623@university.edu,Sophia,Brown,DATA200,professor1@university.edu,D,61
student636@university.edu,David,Williams,CHEM101,professor7@university.edu,D,61
student663@university.edu,Michael,Garcia,ENG201,professor8@university.edu,D,61
student667@university.edu,Sophia,Johnson,ECON202,professor11@university.edu,D,61
student695@university.edu,James,Miller,PHYS150,professor5@university.edu,D,61
student713@university.edu,Alice,Hernandez,PHYS150,professor5@university.edu,D,61
student723@university.edu,Isabella,Hernandez,ENG201,professor8@university.edu,D,61
student757@university.edu,James,Williams,PHIL100,professor12@university.edu,D,61
student780@university.edu,Emma,Miller,ENG201,professor8@university.edu,D,61
student799@university.edu,James,Williams,MATH101,professor2@university.edu,D,61
student820@university.edu,Michael,Jones,BUS301,professor14@university.edu,D,61
student876@university.edu,Emma,Hernandez,CHEM101,professor7@university.edu,D,61
student898@university.edu,Isabella,Brown,LAW101,professor13@university.edu,D,61
student985@university.edu,Isabella,Smith,ENG201,professor8@university.edu,D,61
student2@university.edu,Sophia,Davis,STAT300,professor4@university.edu,D,60
student13@university.edu,Isabella,Brown,PHIL100,professor12@university.edu,D,60
student18@university.edu,David,Garcia,PSYCH101,professor10@university.edu,D,60
student28@university.edu,Sophia,Hernandez,PHYS150,professor5@university.edu,D,60
student60@university.edu,Sophia,Hernandez,CS101,professor3@university.edu,D,60
student165@university.edu,Emma,Johnson,MED101,professor15@university.edu,D,60
student263@university.edu,Sophia,Garcia,BIO101,professor6@university.edu,D,60
student288@university.edu,Robert,Johnson,STAT300,professor4@university.edu,D,60
student299@university.edu,Alice,Jones,CS101,professor3@university.edu,D,60
student332@university.edu,Isabella,Davis,DATA200,professor1@university.edu,D,60
student436@university.edu,Michael,Williams,ENG201,professor8@university.edu,D,60
student492@university.edu,Sophia,Jones,BUS301,professor14@university.edu,D,60
student568@university.edu,Isabella,Williams,ECON202,professor11@university.edu,D,60
student589@university.edu,Robert,Martinez,CS101,professor3@university.edu,D,60
student651@university.edu,Alice,Garcia,ENG201,professor8@university.edu,D,60
student705@university.edu,Michael,Williams,DATA200,professor1@university.edu,D,60
student860@university.edu,John,Jones,ECON202,professor11@university.edu,D,60
student929@university.edu,John,Miller,HIST210,professor9@university.edu,D,60
student944@university.edu,John,Williams,LAW101,professor13@university.edu,D,60
student6@university.edu,James,Martinez,STAT300,professor4@university.edu,F,59
student233@university.edu,Isabella,Hernandez,ECON202,professor11@university.edu,F,59
student323@university.edu,David,Johnson,PSYCH101,professor10@university.edu,F,59
student334@university.edu,Robert,Johnson,BIO101,professor6@university.edu,F,59
student429@university.edu,Michael,Smith,PSYCH101,professor10@university.edu,F,59
student434@university.edu,Isabella,Jones,HIST210,professor9@university.edu,F,59
student479@university.edu,David,Smith,BIO101,professor6@university.edu,F,59
student496@university.edu,Olivia,Williams,DATA200,professor1@university.edu,F,59
student540@university.edu,David,Williams,BUS301,professor14@university.edu,F,59
student604@university.edu,David,Johnson,PHIL100,professor12@university.edu,F,59
student620@university.edu,James,Smith,MED101,professor15@university.edu,F,59
student678@university.edu,David,Jones,CS101,professor3@university.edu,F,59
student691@university.edu,Robert,Williams,CHEM101,professor7@university.edu,F,59
student702@university.edu,Robert,Williams,MATH101,professor2@university.edu,F,59
student745@university.edu,Michael,Miller,LAW101,professor13@university.edu,F,59
student794@university.edu,John,Williams,LAW101,professor13@university.edu,F,59
student851@university.edu,Isabella,Hernandez,PHIL100,professor12@university.edu,F,59
student937@university.edu,Alice,Jones,PHIL100,professor12@university.edu,F,59
student964@university.edu,Michael,Jones,LAW101,professor13@university.edu,F,59
student977@university.edu,Isabella,Johnson,PSYCH101,professor10@university.edu,F,59
student979@university.edu,Olivia,Davis,BIO101,professor6@university.edu,F,59
student986@university.edu,Isabella,Miller,MATH101,professor2@university.edu,F,59
student12@university.edu,Robert,Johnson,PHYS150,professor5@university.edu,F,58
student46@university.edu,James,Hernandez,MATH101,professor2@university.edu,F,58
student75@university.edu,Olivia,Williams,ENG201,professor8@university.edu,F,58
student195@university.edu,Isabella,Garcia,MATH101,professor2@university.edu,F,58
student261@university.edu,Michael,Smith,HIST210,professor9@university.edu,F,58
student276@university.edu,John,Martinez,ENG201,professor8@university.edu,F,58
student293@university.edu,Robert,Smith,BIO101,professor6@university.edu,F,58
student315@university.edu,Isabella,Smith,ECON202,professor11@university.edu,F,58
student339@university.edu,Robert,Martinez,BIO101,professor6@university.edu,F,58
student356@university.edu,Robert,Davis,HIST210,professor9@university.edu,F,58
student373@university.edu,Isabella,Martinez,ECON202,professor11@university.edu,F,58
student394@university.edu,David,Brown,CHEM101,professor7@university.edu,F,58
student412@university.edu,Robert,Garcia,MED101,professor15@university.edu,F,58
student426@university.edu,Michael,Hernandez,BUS301,professor14@university.edu,F,58
student547@university.edu,Michael,Smith,PSYCH101,professor10@university.edu,F,58
student585@university.edu,Olivia,Davis,BUS301,professor14@university.edu,F,58
student638@university.edu,Michael,Jones,LAW101,professor13@university.edu,F,58
student659@university.edu,James,Brown,MED101,professor15@university.edu,F,58
student693@university.edu,Olivia,Jones,PSYCH101,professor10@university.edu,F,58
student721@university.edu,Isabella,Miller,HIST210,professor9@university.edu,F,58
student783@university.edu,David,Miller,LAW101,professor13@university.edu,F,58
student802@university.edu,John,Brown,ENG201,professor8@university.edu,F,58
student853@university.edu,Sophia,Smith,ECON202,professor11@university.edu,F,58
student893@university.edu,Isabella,Hernandez,CS101,professor3@university.edu,F,58
student952@university.edu,Alice,Davis,PSYCH101,professor10@university.edu,F,58
student65@university.edu,Isabella,Brown,STAT300,professor4@university.edu,F,57
student127@university.edu,John,Williams,LAW101,professor13@university.edu,F,57
student146@university.edu,Alice,Jones,MED101,professor15@university.edu,F,57
student204@university.edu,Sophia,Johnson,BIO101,professor6@university.edu,F,57
student430@university.edu,Isabella,Miller,PHYS150,professor5@university.edu,F,57
student481@university.edu,Olivia,Brown,HIST210,professor9@university.edu,F,57
student485@university.edu,Emma,Williams,PHIL100,professor12@university.edu,F,57
student500@university.edu,John,Miller,BUS301,professor14@university.edu,F,57
student508@university.edu,Isabella,Williams,BUS301,professor14@university.edu,F,57
student549@university.edu,John,Smith,ENG201,professor8@university.edu,F,57
student586@university.edu,Olivia,Miller,MED101,professor15@university.edu,F,57
student605@university.edu,Isabella,Garcia,HIST210,professor9@university.edu,F,57
student627@university.edu,Isabella,Brown,LAW101,professor13@university.edu,F,57
student652@university.edu,Michael,Hernandez,ENG201,professor8@university.edu,F,57
student683@university.edu,James,Davis,MED101,professor15@university.edu,F,57
student708@university.edu,Robert,Williams,DATA200,professor1@university.edu,F,57
student861@university.edu,Olivia,Johnson,PHYS150,professor5@university.edu,F,57
student875@university.edu,Isabella,Hernandez,BIO101,professor6@university.edu,F,57
student928@university.edu,Robert,Miller,ECON202,professor11@university.edu,F,57
student960@university.edu,Sophia,Smith,ECON202,professor11@university.edu,F,57
student996@university.edu,Olivia,Williams,PHYS150,professor5@university.edu,F,57
student55@university.edu,James,Williams,CHEM101,professor7@university.edu,F,56
student96@university.edu,James,Martinez,ENG201,professor8@university.edu,F,56
student133@university.edu,John,Smith,BIO101,professor6@university.edu,F,56
student192@university.edu,Isabella,Jones,HIST210,professor9@university.edu,F,56
student277@university.edu,Robert,Garcia,DATA200,professor1@university.edu,F,56
student357@university.edu,John,Williams,CS101,professor3@university.edu,F,56
student368@university.edu,David,Jones,CS101,professor3@university.edu,F,56
student533@university.edu,David,Brown,CS101,professor3@university.edu,F,56
student611@university.edu,Sophia,Jones,LAW101,professor13@university.edu,F,56
student679@university.edu,Robert,Davis,PHIL100,professor12@university.edu,F,56
student855@university.edu,John,Jones,STAT300,professor4@university.edu,F,56
student864@university.edu,Alice,Williams,HIST210,professor9@university.edu,F,56
student865@university.edu,Emma,Hernandez,DATA200,professor1@university.edu,F,56
student878@university.edu,Olivia,Williams,DATA200,professor1@university.edu,F,56
student933@university.edu,David,Jones,MATH101,professor2@university.edu,F,56
student943@university.edu,David,Jones,ECON202,professor11@university.edu,F,56
student45@university.edu,David,Williams,PHIL100,professor12@university.edu,F,55
student81@university.edu,Sophia,Jones,PHIL100,professor12@university.edu,F,55
student115@university.edu,Robert,Brown,ECON202,professor11@university.edu,F,55
student178@university.edu,James,Davis,ENG201,professor8@university.edu,F,55
student257@university.edu,Robert,Johnson,DATA200,professor1@university.edu,F,55
student258@university.edu,Emma,Jones,DATA200,professor1@university.edu,F,55
student268@university.edu,Michael,Williams,MATH101,professor2@university.edu,F,55
student269@university.edu,Isabella,Jones,MED101,professor15@university.edu,F,55
student278@university.edu,Michael,Brown,PHYS150,professor5@university.edu,F,55
student392@university.edu,Isabella,Garcia,ECON202,professor11@university.edu,F,55
student407@university.edu,James,Davis,LAW101,professor13@university.edu,F,55
student418@university.edu,Olivia,Martinez,BUS301,professor14@university.edu,F,55
student421@university.edu,Emma,Hernandez,PHIL100,professor12@university.edu,F,55
student480@university.edu,John,Jones,HIST210,professor9@university.edu,F,55
student603@university.edu,Isabella,Johnson,DATA200,professor1@university.edu,F,55
student624@university.edu,Olivia,Williams,ECON202,professor11@university.edu,F,55
student633@university.edu,David,Johnson,BUS301,professor14@university.edu,F,55
student738@university.edu,Robert,Garcia,HIST210,professor9@university.edu,F,55
student811@university.edu,David,Brown,PSYCH101,professor10@university.edu,F,55
student903@university.edu,Michael,Brown,ECON202,professor11@university.edu,F,55
student3@university.edu,Robert,Williams,CHEM101,professor7@university.edu,F,54
student105@university.edu,Sophia,Smith,MED101,professor15@university.edu,F,54
student144@university.edu,David,Davis,MATH101,professor2@university.edu,F,54
student168@university.edu,Emma,Martinez,DATA200,professor1@university.edu,F,54
student314@university.edu,David,Miller,ECON202,professor11@university.edu,F,54
student509@university.edu,Olivia,Johnson,ENG201,professor8@university.edu,F,54
student554@university.edu,David,Williams,PSYCH101,professor10@university.edu,F,54
student689@university.edu,James,Johnson,CS101,professor3@university.edu,F,54
student715@university.edu,Robert,Davis,MED101,professor15@university.edu,F,54
student946@university.edu,Michael,Miller,STAT300,professor4@university.edu,F,54
student24@university.edu,Michael,Miller,MATH101,professor2@university.edu,F,53
student35@university.edu,Michael,Hernandez,LAW101,professor13@university.edu,F,53
student97@university.edu,Alice,Miller,PHYS150,professor5@university.edu,F,53
student109@university.edu,Isabella,Hernandez,DATA200,professor1@university.edu,F,53
student140@university.edu,Emma,Williams,LAW101,professor13@university.edu,F,53
student283@university.edu,Olivia,Johnson,PSYCH101,professor10@university.edu,F,53
student286@university.edu,Olivia,Jones,LAW101,professor13@university.edu,F,53
student321@university.edu,Michael,Miller,ECON202,professor11@university.edu,F,53
student530@university.edu,Michael,Davis,HIST210,professor9@university.edu,F,53
student608@university.edu,Alice,Brown,LAW101,professor13@university.edu,F,53
student801@university.edu,Robert,Brown,BIO101,professor6@university.edu,F,53
student821@university.edu,Isabella,Jones,PHYS150,professor5@university.edu,F,53
student825@university.edu,David,Williams,BIO101,professor6@university.edu,F,53
student840@university.edu,Olivia,Garcia,STAT300,professor4@university.edu,F,53
student852@university.edu,Alice,Miller,CHEM101,professor7@university.edu,F,53
student916@university.edu,Emma,Jones,DATA200,professor1@university.edu,F,53
student931@university.edu,John,Miller,PHYS150,professor5@university.edu,F,53
student990@university.edu,Emma,Hernandez,CS101,professor3@university.edu,F,53
student8@university.edu,Emma,Garcia,LAW101,professor13@university.edu,F,52
student39@university.edu,Sophia,Brown,BUS301,professor14@university.edu,F,52
student162@university.edu,Isabella,Garcia,BUS301,professor14@university.edu,F,52
student189@university.edu,Robert,Williams,ENG201,professor8@university.edu,F,52
student220@university.edu,Robert,Davis,STAT300,professor4@university.edu,F,52
student222@university.edu,Olivia,Williams,PHYS150,professor5@university.edu,F,52
student242@university.edu,Robert,Williams,STAT300,professor4@university.edu,F,52
student275@university.edu,Isabella,Brown,ECON202,professor11@university.edu,F,52
student331@university.edu,Emma,Martinez,PHYS150,professor5@university.edu,F,52
student355@university.edu,John,Davis,PSYCH101,professor10@university.edu,F,52
student402@university.edu,Olivia,Martinez,LAW101,professor13@university.edu,F,52
student453@university.edu,Robert,Hernandez,BIO101,professor6@university.edu,F,52
student459@university.edu,Sophia,Martinez,BUS301,professor14@university.edu,F,52
student505@university.edu,Alice,Johnson,CHEM101,professor7@university.edu,F,52
student506@university.edu,Michael,Miller,DATA200,professor1@university.edu,F,52
student557@university.edu,Olivia,Davis,MED101,professor15@university.edu,F,52
student584@university.edu,David,Garcia,PHIL100,professor12@university.edu,F,52
student591@university.edu,Robert,Smith,ECON202,professor11@university.edu,F,52
student701@university.edu,Robert,Garcia,PSYCH101,professor10@university.edu,F,52
student719@university.edu,John,Miller,PHIL100,professor12@university.edu,F,52
student728@university.edu,Olivia,Garcia,BUS301,professor14@university.edu,F,52
student755@university.edu,Emma,Williams,LAW101,professor13@university.edu,F,52
student812@university.edu,James,Williams,PHYS150,professor5@university.edu,F,52
student834@university.edu,Alice,Brown,MED101,professor15@university.edu,F,52
student935@university.edu,David,Johnson,ECON202,professor11@university.edu,F,52
student948@university.edu,Sophia,Martinez,BIO101,professor6@university.edu,F,52
student966@university.edu,Alice,Martinez,CHEM101,professor7@university.edu,F,52
student997@university.edu,Sophia,Davis,ENG201,professor8@university.edu,F,52
student47@university.edu,David,Brown,PHIL100,professor12@university.edu,F,51
student112@university.edu,James,Johnson,ENG201,professor8@university.edu,F,51
student114@university.edu,Olivia,Martinez,MATH101,professor2@university.edu,F,51
student122@university.edu,Sophia,Jones,HIST210,professor9@university.edu,F,51
student142@university.edu,Robert,Martinez,PHYS150,professor5@university.edu,F,51
student149@university.edu,Michael,Martinez,CS101,professor3@university.edu,F,51
student163@university.edu,Sophia,Garcia,CHEM101,professor7@university.edu,F,51
student230@university.edu,Alice,Brown,LAW101,professor13@university.edu,F,51
student265@university.edu,James,Miller,STAT300,professor4@university.edu,F,51
student273@university.edu,Olivia,Davis,BUS301,professor14@university.edu,F,51
student307@university.edu,John,Garcia,PHYS150,professor5@university.edu,F,51
student319@university.edu,Michael,Smith,BUS301,professor14@university.edu,F,51
student333@university.edu,Robert,Martinez,PHIL100,professor12@university.edu,F,51
student353@university.edu,Emma,Jones,CS101,professor3@university.edu,F,51
student409@university.edu,Emma,Garcia,BIO101,professor6@university.edu,F,51
student423@university.edu,Emma,Brown,PHYS150,professor5@university.edu,F,51
student440@university.edu,Alice,Hernandez,ENG201,professor8@university.edu,F,51
student442@university.edu,Isabella,Miller,BIO101,professor6@university.edu,F,51
student609@university.edu,John,Garcia,PHIL100,professor12@university.edu,F,51
student707@university.edu,Alice,Smith,MATH101,professor2@university.edu,F,51
student795@university.edu,Robert,Miller,ENG201,professor8@university.edu,F,51
student805@university.edu,David,Smith,CS101,professor3@university.edu,F,51
student809@university.edu,Robert,Williams,PSYCH101,professor10@university.edu,F,51
student885@university.edu,Emma,Davis,LAW101,professor13@university.edu,F,51
student920@university.edu,Robert,Davis,DATA200,professor1@university.edu,F,51
student945@university.edu,Alice,Jones,ECON202,professor11@university.edu,F,51
student32@university.edu,David,Smith,LAW101,professor13@university.edu,F,50
student50@university.edu,Michael,Smith,PHIL100,professor12@university.edu,F,50
student98@university.edu,James,Garcia,BUS301,professor14@university.edu,F,50
student167@university.edu,Olivia,Johnson,ENG201,professor8@university.edu,F,50
student206@university.edu,David,Garcia,ECON202,professor11@university.edu,F,50
student247@university.edu,Olivia,Johnson,BUS301,professor14@university.edu,F,50
student264@university.edu,Sophia,Smith,BUS301,professor14@university.edu,F,50
student287@university.edu,Sophia,Davis,BIO101,professor6@university.edu,F,50
student300@university.edu,Sophia,Williams,LAW101,professor13@university.edu,F,50
student341@university.edu,Isabella,Miller,BUS301,professor14@university.edu,F,50
student378@university.edu,Emma,Johnson,STAT300,professor4@university.edu,F,50
student382@university.edu,Olivia,Davis,LAW101,professor13@university.edu,F,50
student393@university.edu,Alice,Brown,DATA200,professor1@university.edu,F,50
student397@university.edu,Robert,Johnson,PSYCH101,professor10@university.edu,F,50
student403@university.edu,Emma,Brown,LAW101,professor13@university.edu,F,50
student411@university.edu,Michael,Jones,MATH101,professor2@university.edu,F,50
student416@university.edu,Alice,Davis,PSYCH101,professor10@university.edu,F,50
student417@university.edu,Sophia,Smith,CHEM101,professor7@university.edu,F,50
student457@university.edu,John,Jones,BIO101,professor6@university.edu,F,50
student490@university.edu,John,Miller,PSYCH101,professor10@university.edu,F,50
student514@university.edu,John,Brown,PHYS150,professor5@university.edu,F,50
student595@university.edu,David,Brown,BUS301,professor14@university.edu,F,50
student656@university.edu,John,Jones,PHYS150,professor5@university.edu,F,50
student720@university.edu,Olivia,Davis,CHEM101,professor7@university.edu,F,50
student785@university.edu,Sophia,Williams,DATA200,professor1@university.edu,F,50
student849@university.edu,Emma,Martinez,STAT300,professor4@university.edu,F,50
student871@university.edu,Sophia,Smith,PHIL100,professor12@university.edu,F,50
student967@university.edu,Olivia,Williams,LAW101,professor13@university.edu,F,50
student982@university.edu,Robert,Brown,ECON202,professor11@university.edu,F,50
